hgvs,protein_cbio,p16_calc,p16_kind,arf_change,arf_kind,n_pat,am,revel,cadd,clinvar,p16_matches_cbio,p16_codon_pos,arf_altered,low_am
chr9:g.21970901C>G,D153H,D153H,missense,,noncoding,1,0.149,0.449,13.7,other,1,1,0,1
chr9:g.21970969A>C,L130R,L130R,missense,,noncoding,1,0.862,0.885,28.3,,1,2,0,0
chr9:g.21970969A>T,L130Q,L130Q,missense,,noncoding,4,0.9307,0.787,27.7,other,1,2,0,0
chr9:g.21970970G>C,L130V,L130V,missense,,noncoding,1,0.4433,0.738,25.2,,1,1,0,1
chr9:g.21970976G>A,R128W,R128W,missense,,noncoding,1,0.2218,0.449,25.1,other,1,1,0,1
chr9:g.21971003C>T,E119K,E119K,missense,*133*,synonymous,1,0.2545,0.201,16.29,other,1,1,0,1
chr9:g.21971017G>A,P114L,P114L,missense,A128A,synonymous,1,0.8983,0.872,33.0,P/LP,1,2,0,0
chr9:g.21971017G>C,P114R,P114R,missense,A128A,synonymous,2,0.9771,0.882,29.0,P/LP,1,2,0,0
chr9:g.21971017G>T,P114H,P114H,missense,A128A,synonymous,2,0.9905,0.829,30.0,,1,2,0,0
chr9:g.21971035T>C,D108G,D108G,missense,R122R,synonymous,4,0.9576,0.936,28.9,,1,2,0,0
chr9:g.21971047A>C,L104R,L104R,missense,A118A,synonymous,1,0.621,0.854,26.8,,1,2,0,0
chr9:g.21971047A>T,L104Q,L104Q,missense,A118A,synonymous,1,0.7018,0.746,26.5,,1,2,0,0
chr9:g.21971048G>C,L104V,L104V,missense,A118G,missense,1,0.0995,0.418,21.2,,1,1,1,1
chr9:g.21971053G>A,A102V,A102V,missense,G116G,synonymous,1,0.6541,0.68,33.0,other,1,2,0,0
chr9:g.21971053G>T,A102E,A102E,missense,G116G,synonymous,1,0.9614,0.688,32.0,P/LP,1,2,0,0
chr9:g.21971065T>G,H98P,H98P,missense,A112A,synonymous,1,0.9124,0.426,23.6,other,1,2,0,0
chr9:g.21971066G>A,H98Y,H98Y,missense,A112V,missense,1,0.1493,0.413,24.2,P/LP,1,1,1,1
chr9:g.21971068A>G,L97P,L97P,missense,A111A,synonymous,2,0.9666,0.925,29.0,other,1,2,0,0
chr9:g.21971069G>C,L97V,L97V,missense,A111G,missense,1,0.0967,0.327,26.8,,1,1,1,1
chr9:g.21971077A>C,L94R,L94R,missense,A108A,synonymous,1,0.9491,0.595,27.5,,1,2,0,0
chr9:g.21971077A>G,L94P,L94P,missense,A108A,synonymous,1,0.9693,0.623,31.0,P/LP,1,2,0,0
chr9:g.21971077A>T,L94Q,L94Q,missense,A108A,synonymous,1,0.9434,0.581,28.9,P/LP,1,2,0,0
chr9:g.21971087G>T,L91M,L91M,missense,P105H,missense,1,0.3601,0.649,24.9,other,1,1,1,1
chr9:g.21971088G>C,F90L,F90L,missense,P105A,missense,2,0.9859,0.69,29.7,,1,3,1,0
chr9:g.21971105C>T,A85T,A85T,missense,R99H,missense,1,0.7206,0.834,35.0,other,1,1,1,0
chr9:g.21971107T>A,D84V,D84V,missense,R98R,synonymous,2,0.8435,0.784,31.0,P/LP,1,2,0,0
chr9:g.21971107T>C,D84G,D84G,missense,R98R,synonymous,1,0.9245,0.77,29.2,,1,2,0,0
chr9:g.21971108C>A,D84Y,D84Y,missense,R98L,missense,3,0.7704,0.749,34.0,other,1,1,1,0
chr9:g.21971108C>T,D84N,D84N,missense,R98Q,missense,5,0.8385,0.67,35.0,P/LP,1,1,1,0
chr9:g.21971110T>C,H83R,H83R,missense,A97A,synonymous,2,0.9559,0.81,25.7,P/LP,1,2,0,0
chr9:g.21971111G>A,H83Y,H83Y,missense,A97V,missense,48,0.1664,0.577,28.6,P/LP,1,1,1,1
chr9:g.21971111G>C,H83D,H83D,missense,A97G,missense,7,0.091,0.429,29.5,,1,1,1,1
chr9:g.21971111G>T,H83N,H83N,missense,A97E,missense,1,0.1979,0.545,29.0,,1,1,1,1
chr9:g.21971116G>C,P81R,P81R,missense,T95T,synonymous,2,0.9754,0.839,27.4,P/LP,1,2,0,0
chr9:g.21971129T>A,T77S,T77S,missense,H91L,missense,1,0.1876,0.474,23.0,,1,1,1,1
chr9:g.21971137T>A,D74V,D74V,missense,R88R,synonymous,1,0.9426,0.903,28.7,other,1,2,0,0
chr9:g.21971138C>A,D74Y,D74Y,missense,R88L,missense,1,0.9002,0.85,34.0,,1,1,1,0
chr9:g.21971138C>T,D74N,D74N,missense,R88Q,missense,1,0.8467,0.68,34.0,other,1,1,1,0
chr9:g.21971140G>C,A73G,A73G,missense,R87R,synonymous,1,0.1917,0.343,12.81,,1,2,0,1
chr9:g.21971144A>C,C72G,C72G,missense,L86R,missense,1,0.1469,0.502,15.11,other,1,1,1,1
chr9:g.21971155G>A,A68V,A68V,missense,R82R,synonymous,1,0.676,0.874,29.8,P/LP,1,2,0,0
chr9:g.21971156C>T,A68T,A68T,missense,R82H,missense,1,0.5955,0.72,33.0,other,1,1,1,0
chr9:g.21971164A>G,L65P,L65P,missense,A79A,synonymous,1,0.7796,0.353,23.1,P/LP,1,2,0,0
chr9:g.21971167A>G,L64P,L64P,missense,A78A,synonymous,3,0.9788,0.899,27.5,other,1,2,0,0
chr9:g.21971170A>C,L63R,L63R,missense,A77A,synonymous,2,0.9651,0.941,26.9,,1,2,0,0
chr9:g.21971170A>G,L63P,L63P,missense,A77A,synonymous,1,0.9815,0.95,27.4,P/LP,1,2,0,0
chr9:g.21971170A>T,L63Q,L63Q,missense,A77A,synonymous,4,0.9768,0.947,26.6,,1,2,0,0
chr9:g.21971194C>T,G55D,G55D,missense,G69G,synonymous,1,0.9053,0.762,31.0,P/LP,1,2,0,0
chr9:g.21971206A>T,V51D,V51D,missense,G65G,synonymous,3,0.9045,0.879,27.3,,1,2,0,0
chr9:g.21971207C>A,V51F,V51F,missense,G65V,missense,1,0.3529,0.561,29.1,other,1,1,1,1
chr9:g.21974677C>A,Q50H,Q50H,missense,,noncoding,1,0.7653,0.544,31.0,other,1,3,0,0
chr9:g.21974678T>C,Q50R,Q50R,missense,,noncoding,3,0.877,0.665,26.4,P/LP,1,2,0,0
chr9:g.21974678T>G,Q50P,Q50P,missense,,noncoding,1,0.8412,0.752,27.3,P/LP,1,2,0,0
chr9:g.21974681A>T,I49N,I49N,missense,,noncoding,1,0.9737,0.709,28.7,,1,2,0,0
chr9:g.21974684G>A,P48L,P48L,missense,,noncoding,7,0.8968,0.765,32.0,P/LP,1,2,0,0
chr9:g.21974684G>C,P48R,P48R,missense,,noncoding,2,0.9677,0.734,27.4,P/LP,1,2,0,0
chr9:g.21974684G>T,P48Q,P48Q,missense,,noncoding,1,0.9466,0.753,28.6,other,1,2,0,0
chr9:g.21974701A>C,N42K,N42K,missense,,noncoding,1,0.9802,0.354,24.1,other,1,3,0,0
chr9:g.21974702T>A,N42I,N42I,missense,,noncoding,1,0.9567,0.487,25.0,,1,2,0,0
chr9:g.21974714G>T,P38H,P38H,missense,,noncoding,1,0.9314,0.413,26.2,,1,2,0,0
chr9:g.21974720G>C,A36G,A36G,missense,,noncoding,1,0.2227,0.506,23.8,,1,2,0,1
chr9:g.21974732A>G,L32P,L32P,missense,,noncoding,2,0.9544,0.804,33.0,P/LP,1,2,0,0
chr9:g.21974732A>T,L32Q,L32Q,missense,,noncoding,1,0.9449,0.784,32.0,,1,2,0,0
chr9:g.21974760C>A,G23C,G23C,missense,,noncoding,1,0.8319,0.733,34.0,P/LP,1,1,0,0
chr9:g.21974760C>G,G23R,G23R,missense,,noncoding,1,0.9205,0.635,29.5,P/LP,1,1,0,0
chr9:g.21974765G>T,A21D,A21D,missense,,noncoding,2,0.908,0.6,28.0,other,1,2,0,0
chr9:g.21974766C>G,A21P,A21P,missense,,noncoding,1,0.9341,0.687,25.5,,1,1,0,0
chr9:g.21974768G>T,A20E,A20E,missense,,noncoding,1,0.9778,0.56,25.7,other,1,2,0,0
chr9:g.21974780A>T,L16Q,L16Q,missense,,noncoding,3,0.9227,0.543,23.7,other,1,2,0,0
chr9:g.21974786T>C,D14G,D14G,missense,,noncoding,1,0.325,0.354,18.91,other,1,2,0,1
chr9:g.21974790C>T,A13T,A13T,missense,,noncoding,1,0.1774,0.224,25.9,,1,1,0,1
chr9:g.21974813G>C,A5G,A5G,missense,,noncoding,1,0.0789,0.197,4.441,,1,2,0,1
