gene,group,gencodeId,tissueSiteDetailId,median_tpm,n_samples
KRAS,panel,ENSG00000133703.11,Thyroid,15.03,653
KRAS,panel,ENSG00000133703.11,Testis,10.87,361
KRAS,panel,ENSG00000133703.11,Small_Intestine_Terminal_Ileum,16.59,187
KRAS,panel,ENSG00000133703.11,Skin_Not_Sun_Exposed_Suprapubic,15.925,604
KRAS,panel,ENSG00000133703.11,Brain_Frontal_Cortex_BA9,16.95,209
KRAS,panel,ENSG00000133703.11,Fallopian_Tube,14.91,9
KRAS,panel,ENSG00000133703.11,Bladder,18.35,21
KRAS,panel,ENSG00000133703.11,Vagina,18.42,156
KRAS,panel,ENSG00000133703.11,Whole_Blood,9.088,755
KRAS,panel,ENSG00000133703.11,Brain_Amygdala,7.7565,152
KRAS,panel,ENSG00000133703.11,Pituitary,9.702,283
KRAS,panel,ENSG00000133703.11,Minor_Salivary_Gland,14.3,162
KRAS,panel,ENSG00000133703.11,Adipose_Subcutaneous,14.68,663
KRAS,panel,ENSG00000133703.11,Adrenal_Gland,9.109,258
KRAS,panel,ENSG00000133703.11,Heart_Atrial_Appendage,5.409,429
KRAS,panel,ENSG00000133703.11,Breast_Mammary_Tissue,12.8,459
KRAS,panel,ENSG00000133703.11,Stomach,14.98,359
KRAS,panel,ENSG00000133703.11,Brain_Caudate_basal_ganglia,7.7265,246
KRAS,panel,ENSG00000133703.11,Colon_Transverse,17.91,406
KRAS,panel,ENSG00000133703.11,Brain_Cerebellum,17.42,241
KRAS,panel,ENSG00000133703.11,Esophagus_Muscularis,22.17,515
KRAS,panel,ENSG00000133703.11,Liver,6.289,226
KRAS,panel,ENSG00000133703.11,Muscle_Skeletal,5.028,803
KRAS,panel,ENSG00000133703.11,Prostate,12.4,245
KRAS,panel,ENSG00000133703.11,Pancreas,5.0315,328
KRAS,panel,ENSG00000133703.11,Nerve_Tibial,30.74,619
KRAS,panel,ENSG00000133703.11,Brain_Hippocampus,6.981,197
KRAS,panel,ENSG00000133703.11,Spleen,12.84,241
KRAS,panel,ENSG00000133703.11,Colon_Sigmoid,16.64,373
KRAS,panel,ENSG00000133703.11,Brain_Anterior_cingulate_cortex_BA24,11.615,176
KRAS,panel,ENSG00000133703.11,Esophagus_Gastroesophageal_Junction,20.19,375
KRAS,panel,ENSG00000133703.11,Brain_Hypothalamus,10.91,202
KRAS,panel,ENSG00000133703.11,Brain_Cortex,9.418,255
KRAS,panel,ENSG00000133703.11,Heart_Left_Ventricle,3.659,432
KRAS,panel,ENSG00000133703.11,Artery_Tibial,17.65,663
KRAS,panel,ENSG00000133703.11,Uterus,16.685,142
KRAS,panel,ENSG00000133703.11,Ovary,12.96,180
KRAS,panel,ENSG00000133703.11,Cells_EBV-transformed_lymphocytes,17.05,174
KRAS,panel,ENSG00000133703.11,Artery_Coronary,15.15,240
KRAS,panel,ENSG00000133703.11,Brain_Spinal_cord_cervical_c-1,7.855,159
KRAS,panel,ENSG00000133703.11,Adipose_Visceral_Omentum,12.77,541
KRAS,panel,ENSG00000133703.11,Brain_Nucleus_accumbens_basal_ganglia,9.2745,246
KRAS,panel,ENSG00000133703.11,Brain_Cerebellar_Hemisphere,25.09,215
KRAS,panel,ENSG00000133703.11,Esophagus_Mucosa,21.55,555
KRAS,panel,ENSG00000133703.11,Cells_Cultured_fibroblasts,16.8,504
KRAS,panel,ENSG00000133703.11,Artery_Aorta,14.535,432
KRAS,panel,ENSG00000133703.11,Brain_Putamen_basal_ganglia,5.613,205
KRAS,panel,ENSG00000133703.11,Kidney_Medulla,9.4415,4
KRAS,panel,ENSG00000133703.11,Lung,19.755,578
KRAS,panel,ENSG00000133703.11,Kidney_Cortex,6.952,85
KRAS,panel,ENSG00000133703.11,Brain_Substantia_nigra,6.816,139
KRAS,panel,ENSG00000133703.11,Cervix_Endocervix,13.31,10
KRAS,panel,ENSG00000133703.11,Skin_Sun_Exposed_Lower_leg,16.3,701
KRAS,panel,ENSG00000133703.11,Cervix_Ectocervix,16.2,9
TP53,panel,ENSG00000141510.16,Thyroid,19.66,653
TP53,panel,ENSG00000141510.16,Testis,14.83,361
TP53,panel,ENSG00000141510.16,Small_Intestine_Terminal_Ileum,18.42,187
TP53,panel,ENSG00000141510.16,Skin_Not_Sun_Exposed_Suprapubic,35.16,604
TP53,panel,ENSG00000141510.16,Brain_Frontal_Cortex_BA9,2.907,209
TP53,panel,ENSG00000141510.16,Fallopian_Tube,28.16,9
TP53,panel,ENSG00000141510.16,Bladder,23.77,21
TP53,panel,ENSG00000141510.16,Vagina,25.29,156
TP53,panel,ENSG00000141510.16,Whole_Blood,7.698,755
TP53,panel,ENSG00000141510.16,Brain_Amygdala,3.6625,152
TP53,panel,ENSG00000141510.16,Pituitary,8.454,283
TP53,panel,ENSG00000141510.16,Minor_Salivary_Gland,18.835,162
TP53,panel,ENSG00000141510.16,Adipose_Subcutaneous,22.46,663
TP53,panel,ENSG00000141510.16,Adrenal_Gland,13.5,258
TP53,panel,ENSG00000141510.16,Heart_Atrial_Appendage,5.802,429
TP53,panel,ENSG00000141510.16,Breast_Mammary_Tissue,24.56,459
TP53,panel,ENSG00000141510.16,Stomach,12.63,359
TP53,panel,ENSG00000141510.16,Brain_Caudate_basal_ganglia,4.0225,246
TP53,panel,ENSG00000141510.16,Colon_Transverse,17.195,406
TP53,panel,ENSG00000141510.16,Brain_Cerebellum,2.447,241
TP53,panel,ENSG00000141510.16,Esophagus_Muscularis,12.5,515
TP53,panel,ENSG00000141510.16,Liver,6.8685,226
TP53,panel,ENSG00000141510.16,Muscle_Skeletal,5.443,803
TP53,panel,ENSG00000141510.16,Prostate,20.3,245
TP53,panel,ENSG00000141510.16,Pancreas,7.118,328
TP53,panel,ENSG00000141510.16,Nerve_Tibial,24.16,619
TP53,panel,ENSG00000141510.16,Brain_Hippocampus,2.711,197
TP53,panel,ENSG00000141510.16,Spleen,26.59,241
TP53,panel,ENSG00000141510.16,Colon_Sigmoid,14.54,373
TP53,panel,ENSG00000141510.16,Brain_Anterior_cingulate_cortex_BA24,3.132,176
TP53,panel,ENSG00000141510.16,Esophagus_Gastroesophageal_Junction,14.19,375
TP53,panel,ENSG00000141510.16,Brain_Hypothalamus,3.155,202
TP53,panel,ENSG00000141510.16,Brain_Cortex,3.651,255
TP53,panel,ENSG00000141510.16,Heart_Left_Ventricle,3.6785,432
TP53,panel,ENSG00000141510.16,Artery_Tibial,20.53,663
TP53,panel,ENSG00000141510.16,Uterus,29.5,142
TP53,panel,ENSG00000141510.16,Ovary,32.43,180
TP53,panel,ENSG00000141510.16,Cells_EBV-transformed_lymphocytes,72.95,174
TP53,panel,ENSG00000141510.16,Artery_Coronary,19.73,240
TP53,panel,ENSG00000141510.16,Brain_Spinal_cord_cervical_c-1,4.161,159
TP53,panel,ENSG00000141510.16,Adipose_Visceral_Omentum,17.8,541
TP53,panel,ENSG00000141510.16,Brain_Nucleus_accumbens_basal_ganglia,3.372,246
TP53,panel,ENSG00000141510.16,Brain_Cerebellar_Hemisphere,2.027,215
TP53,panel,ENSG00000141510.16,Esophagus_Mucosa,25.84,555
TP53,panel,ENSG00000141510.16,Cells_Cultured_fibroblasts,32.87,504
TP53,panel,ENSG00000141510.16,Artery_Aorta,18.48,432
TP53,panel,ENSG00000141510.16,Brain_Putamen_basal_ganglia,3.321,205
TP53,panel,ENSG00000141510.16,Kidney_Medulla,13.015,4
TP53,panel,ENSG00000141510.16,Lung,16.92,578
TP53,panel,ENSG00000141510.16,Kidney_Cortex,5.964,85
TP53,panel,ENSG00000141510.16,Brain_Substantia_nigra,3.894,139
TP53,panel,ENSG00000141510.16,Cervix_Endocervix,29.5,10
TP53,panel,ENSG00000141510.16,Skin_Sun_Exposed_Lower_leg,36.96,701
TP53,panel,ENSG00000141510.16,Cervix_Ectocervix,28.48,9
CDKN2A,panel,ENSG00000147889.17,Thyroid,0.6854,653
CDKN2A,panel,ENSG00000147889.17,Testis,7.13,361
CDKN2A,panel,ENSG00000147889.17,Small_Intestine_Terminal_Ileum,1.567,187
CDKN2A,panel,ENSG00000147889.17,Skin_Not_Sun_Exposed_Suprapubic,0.3231,604
CDKN2A,panel,ENSG00000147889.17,Brain_Frontal_Cortex_BA9,0.6187,209
CDKN2A,panel,ENSG00000147889.17,Fallopian_Tube,1.497,9
CDKN2A,panel,ENSG00000147889.17,Bladder,0.9369,21
CDKN2A,panel,ENSG00000147889.17,Vagina,1.1135,156
CDKN2A,panel,ENSG00000147889.17,Whole_Blood,0.2846,755
CDKN2A,panel,ENSG00000147889.17,Brain_Amygdala,0.6598,152
CDKN2A,panel,ENSG00000147889.17,Pituitary,16.91,283
CDKN2A,panel,ENSG00000147889.17,Minor_Salivary_Gland,0.5951,162
CDKN2A,panel,ENSG00000147889.17,Adipose_Subcutaneous,0.5284,663
CDKN2A,panel,ENSG00000147889.17,Adrenal_Gland,2.961,258
CDKN2A,panel,ENSG00000147889.17,Heart_Atrial_Appendage,0.0694,429
CDKN2A,panel,ENSG00000147889.17,Breast_Mammary_Tissue,0.7867,459
CDKN2A,panel,ENSG00000147889.17,Stomach,0.6533,359
CDKN2A,panel,ENSG00000147889.17,Brain_Caudate_basal_ganglia,0.6131,246
CDKN2A,panel,ENSG00000147889.17,Colon_Transverse,0.4965,406
CDKN2A,panel,ENSG00000147889.17,Brain_Cerebellum,0.6578,241
CDKN2A,panel,ENSG00000147889.17,Esophagus_Muscularis,1.173,515
CDKN2A,panel,ENSG00000147889.17,Liver,0.0994,226
CDKN2A,panel,ENSG00000147889.17,Muscle_Skeletal,0.0639,803
CDKN2A,panel,ENSG00000147889.17,Prostate,0.9427,245
CDKN2A,panel,ENSG00000147889.17,Pancreas,0.2156,328
CDKN2A,panel,ENSG00000147889.17,Nerve_Tibial,1.202,619
CDKN2A,panel,ENSG00000147889.17,Brain_Hippocampus,0.3915,197
CDKN2A,panel,ENSG00000147889.17,Spleen,2.572,241
CDKN2A,panel,ENSG00000147889.17,Colon_Sigmoid,0.7261,373
CDKN2A,panel,ENSG00000147889.17,Brain_Anterior_cingulate_cortex_BA24,0.3768,176
CDKN2A,panel,ENSG00000147889.17,Esophagus_Gastroesophageal_Junction,0.6979,375
CDKN2A,panel,ENSG00000147889.17,Brain_Hypothalamus,0.2246,202
CDKN2A,panel,ENSG00000147889.17,Brain_Cortex,0.5907,255
CDKN2A,panel,ENSG00000147889.17,Heart_Left_Ventricle,0.0623,432
CDKN2A,panel,ENSG00000147889.17,Artery_Tibial,0.9901,663
CDKN2A,panel,ENSG00000147889.17,Uterus,0.4046,142
CDKN2A,panel,ENSG00000147889.17,Ovary,0.3553,180
CDKN2A,panel,ENSG00000147889.17,Cells_EBV-transformed_lymphocytes,7.0875,174
CDKN2A,panel,ENSG00000147889.17,Artery_Coronary,1.5135,240
CDKN2A,panel,ENSG00000147889.17,Brain_Spinal_cord_cervical_c-1,0.7811,159
CDKN2A,panel,ENSG00000147889.17,Adipose_Visceral_Omentum,0.5844,541
CDKN2A,panel,ENSG00000147889.17,Brain_Nucleus_accumbens_basal_ganglia,0.2707,246
CDKN2A,panel,ENSG00000147889.17,Brain_Cerebellar_Hemisphere,0.3187,215
CDKN2A,panel,ENSG00000147889.17,Esophagus_Mucosa,2.118,555
CDKN2A,panel,ENSG00000147889.17,Cells_Cultured_fibroblasts,8.061,504
CDKN2A,panel,ENSG00000147889.17,Artery_Aorta,1.5325,432
CDKN2A,panel,ENSG00000147889.17,Brain_Putamen_basal_ganglia,0.6983,205
CDKN2A,panel,ENSG00000147889.17,Kidney_Medulla,0.1469,4
CDKN2A,panel,ENSG00000147889.17,Lung,1.079,578
CDKN2A,panel,ENSG00000147889.17,Kidney_Cortex,0.0853,85
CDKN2A,panel,ENSG00000147889.17,Brain_Substantia_nigra,0.3213,139
CDKN2A,panel,ENSG00000147889.17,Cervix_Endocervix,0.7323,10
CDKN2A,panel,ENSG00000147889.17,Skin_Sun_Exposed_Lower_leg,0.363,701
CDKN2A,panel,ENSG00000147889.17,Cervix_Ectocervix,0.6085,9
SMAD4,panel,ENSG00000141646.13,Thyroid,31.22,653
SMAD4,panel,ENSG00000141646.13,Testis,17.37,361
SMAD4,panel,ENSG00000141646.13,Small_Intestine_Terminal_Ileum,19.95,187
SMAD4,panel,ENSG00000141646.13,Skin_Not_Sun_Exposed_Suprapubic,19.615,604
SMAD4,panel,ENSG00000141646.13,Brain_Frontal_Cortex_BA9,7.553,209
SMAD4,panel,ENSG00000141646.13,Fallopian_Tube,32.06,9
SMAD4,panel,ENSG00000141646.13,Bladder,26.01,21
SMAD4,panel,ENSG00000141646.13,Vagina,23.68,156
SMAD4,panel,ENSG00000141646.13,Whole_Blood,5.093,755
SMAD4,panel,ENSG00000141646.13,Brain_Amygdala,6.1045,152
SMAD4,panel,ENSG00000141646.13,Pituitary,21.59,283
SMAD4,panel,ENSG00000141646.13,Minor_Salivary_Gland,20.42,162
SMAD4,panel,ENSG00000141646.13,Adipose_Subcutaneous,25.15,663
SMAD4,panel,ENSG00000141646.13,Adrenal_Gland,14.255,258
SMAD4,panel,ENSG00000141646.13,Heart_Atrial_Appendage,10.39,429
SMAD4,panel,ENSG00000141646.13,Breast_Mammary_Tissue,23.28,459
SMAD4,panel,ENSG00000141646.13,Stomach,15.23,359
SMAD4,panel,ENSG00000141646.13,Brain_Caudate_basal_ganglia,7.366,246
SMAD4,panel,ENSG00000141646.13,Colon_Transverse,18.37,406
SMAD4,panel,ENSG00000141646.13,Brain_Cerebellum,28.79,241
SMAD4,panel,ENSG00000141646.13,Esophagus_Muscularis,27.33,515
SMAD4,panel,ENSG00000141646.13,Liver,9.22,226
SMAD4,panel,ENSG00000141646.13,Muscle_Skeletal,18.43,803
SMAD4,panel,ENSG00000141646.13,Prostate,26.64,245
SMAD4,panel,ENSG00000141646.13,Pancreas,8.746,328
SMAD4,panel,ENSG00000141646.13,Nerve_Tibial,32.34,619
SMAD4,panel,ENSG00000141646.13,Brain_Hippocampus,6.374,197
SMAD4,panel,ENSG00000141646.13,Spleen,18.52,241
SMAD4,panel,ENSG00000141646.13,Colon_Sigmoid,28.02,373
SMAD4,panel,ENSG00000141646.13,Brain_Anterior_cingulate_cortex_BA24,6.54,176
SMAD4,panel,ENSG00000141646.13,Esophagus_Gastroesophageal_Junction,26.77,375
SMAD4,panel,ENSG00000141646.13,Brain_Hypothalamus,7.3095,202
SMAD4,panel,ENSG00000141646.13,Brain_Cortex,7.25,255
SMAD4,panel,ENSG00000141646.13,Heart_Left_Ventricle,7.6325,432
SMAD4,panel,ENSG00000141646.13,Artery_Tibial,30.44,663
SMAD4,panel,ENSG00000141646.13,Uterus,37.22,142
SMAD4,panel,ENSG00000141646.13,Ovary,34.935,180
SMAD4,panel,ENSG00000141646.13,Cells_EBV-transformed_lymphocytes,16.655,174
SMAD4,panel,ENSG00000141646.13,Artery_Coronary,23.995,240
SMAD4,panel,ENSG00000141646.13,Brain_Spinal_cord_cervical_c-1,8.842,159
SMAD4,panel,ENSG00000141646.13,Adipose_Visceral_Omentum,19.44,541
SMAD4,panel,ENSG00000141646.13,Brain_Nucleus_accumbens_basal_ganglia,8.137,246
SMAD4,panel,ENSG00000141646.13,Brain_Cerebellar_Hemisphere,32.46,215
SMAD4,panel,ENSG00000141646.13,Esophagus_Mucosa,12.92,555
SMAD4,panel,ENSG00000141646.13,Cells_Cultured_fibroblasts,23.69,504
SMAD4,panel,ENSG00000141646.13,Artery_Aorta,24.2,432
SMAD4,panel,ENSG00000141646.13,Brain_Putamen_basal_ganglia,5.945,205
SMAD4,panel,ENSG00000141646.13,Kidney_Medulla,13.07,4
SMAD4,panel,ENSG00000141646.13,Lung,24.985,578
SMAD4,panel,ENSG00000141646.13,Kidney_Cortex,9.279,85
SMAD4,panel,ENSG00000141646.13,Brain_Substantia_nigra,6.2,139
SMAD4,panel,ENSG00000141646.13,Cervix_Endocervix,34.515,10
SMAD4,panel,ENSG00000141646.13,Skin_Sun_Exposed_Lower_leg,19.66,701
SMAD4,panel,ENSG00000141646.13,Cervix_Ectocervix,32.24,9
GAPDH,housekeeping,ENSG00000111640.14,Thyroid,812.9,653
GAPDH,housekeeping,ENSG00000111640.14,Testis,593.4,361
GAPDH,housekeeping,ENSG00000111640.14,Small_Intestine_Terminal_Ileum,866.6,187
GAPDH,housekeeping,ENSG00000111640.14,Skin_Not_Sun_Exposed_Suprapubic,928.55,604
GAPDH,housekeeping,ENSG00000111640.14,Brain_Frontal_Cortex_BA9,1651.0,209
GAPDH,housekeeping,ENSG00000111640.14,Fallopian_Tube,956.3,9
GAPDH,housekeeping,ENSG00000111640.14,Bladder,1394.0,21
GAPDH,housekeeping,ENSG00000111640.14,Vagina,1209.0,156
GAPDH,housekeeping,ENSG00000111640.14,Whole_Blood,1774.0,755
GAPDH,housekeeping,ENSG00000111640.14,Brain_Amygdala,1002.5,152
GAPDH,housekeeping,ENSG00000111640.14,Pituitary,919.3,283
GAPDH,housekeeping,ENSG00000111640.14,Minor_Salivary_Gland,945.0,162
GAPDH,housekeeping,ENSG00000111640.14,Adipose_Subcutaneous,831.8,663
GAPDH,housekeeping,ENSG00000111640.14,Adrenal_Gland,905.4,258
GAPDH,housekeeping,ENSG00000111640.14,Heart_Atrial_Appendage,1533.0,429
GAPDH,housekeeping,ENSG00000111640.14,Breast_Mammary_Tissue,721.5,459
GAPDH,housekeeping,ENSG00000111640.14,Stomach,528.2,359
GAPDH,housekeeping,ENSG00000111640.14,Brain_Caudate_basal_ganglia,1074.0,246
GAPDH,housekeeping,ENSG00000111640.14,Colon_Transverse,947.5,406
GAPDH,housekeeping,ENSG00000111640.14,Brain_Cerebellum,1198.0,241
GAPDH,housekeeping,ENSG00000111640.14,Esophagus_Muscularis,1393.0,515
GAPDH,housekeeping,ENSG00000111640.14,Liver,512.05,226
GAPDH,housekeeping,ENSG00000111640.14,Muscle_Skeletal,5597.0,803
GAPDH,housekeeping,ENSG00000111640.14,Prostate,787.0,245
GAPDH,housekeeping,ENSG00000111640.14,Pancreas,147.6,328
GAPDH,housekeeping,ENSG00000111640.14,Nerve_Tibial,1126.0,619
GAPDH,housekeeping,ENSG00000111640.14,Brain_Hippocampus,893.6,197
GAPDH,housekeeping,ENSG00000111640.14,Spleen,716.4,241
GAPDH,housekeeping,ENSG00000111640.14,Colon_Sigmoid,1094.0,373
GAPDH,housekeeping,ENSG00000111640.14,Brain_Anterior_cingulate_cortex_BA24,1183.5,176
GAPDH,housekeeping,ENSG00000111640.14,Esophagus_Gastroesophageal_Junction,1301.0,375
GAPDH,housekeeping,ENSG00000111640.14,Brain_Hypothalamus,1198.5,202
GAPDH,housekeeping,ENSG00000111640.14,Brain_Cortex,1439.0,255
GAPDH,housekeeping,ENSG00000111640.14,Heart_Left_Ventricle,1490.0,432
GAPDH,housekeeping,ENSG00000111640.14,Artery_Tibial,1523.0,663
GAPDH,housekeeping,ENSG00000111640.14,Uterus,904.35,142
GAPDH,housekeeping,ENSG00000111640.14,Ovary,831.3,180
GAPDH,housekeeping,ENSG00000111640.14,Cells_EBV-transformed_lymphocytes,6385.0,174
GAPDH,housekeeping,ENSG00000111640.14,Artery_Coronary,1574.0,240
GAPDH,housekeeping,ENSG00000111640.14,Brain_Spinal_cord_cervical_c-1,1403.0,159
GAPDH,housekeeping,ENSG00000111640.14,Adipose_Visceral_Omentum,705.2,541
GAPDH,housekeeping,ENSG00000111640.14,Brain_Nucleus_accumbens_basal_ganglia,1141.5,246
GAPDH,housekeeping,ENSG00000111640.14,Brain_Cerebellar_Hemisphere,1259.0,215
GAPDH,housekeeping,ENSG00000111640.14,Esophagus_Mucosa,1657.0,555
GAPDH,housekeeping,ENSG00000111640.14,Cells_Cultured_fibroblasts,4452.5,504
GAPDH,housekeeping,ENSG00000111640.14,Artery_Aorta,2012.0,432
GAPDH,housekeeping,ENSG00000111640.14,Brain_Putamen_basal_ganglia,908.5,205
GAPDH,housekeeping,ENSG00000111640.14,Kidney_Medulla,765.55,4
GAPDH,housekeeping,ENSG00000111640.14,Lung,852.85,578
GAPDH,housekeeping,ENSG00000111640.14,Kidney_Cortex,803.2,85
GAPDH,housekeeping,ENSG00000111640.14,Brain_Substantia_nigra,1084.0,139
GAPDH,housekeeping,ENSG00000111640.14,Cervix_Endocervix,927.35,10
GAPDH,housekeeping,ENSG00000111640.14,Skin_Sun_Exposed_Lower_leg,1119.0,701
GAPDH,housekeeping,ENSG00000111640.14,Cervix_Ectocervix,727.6,9
ACTB,housekeeping,ENSG00000075624.13,Thyroid,2256.0,653
ACTB,housekeeping,ENSG00000075624.13,Testis,1018.0,361
ACTB,housekeeping,ENSG00000075624.13,Small_Intestine_Terminal_Ileum,3378.0,187
ACTB,housekeeping,ENSG00000075624.13,Skin_Not_Sun_Exposed_Suprapubic,1995.5,604
ACTB,housekeeping,ENSG00000075624.13,Brain_Frontal_Cortex_BA9,1525.0,209
ACTB,housekeeping,ENSG00000075624.13,Fallopian_Tube,5738.0,9
ACTB,housekeeping,ENSG00000075624.13,Bladder,6552.0,21
ACTB,housekeeping,ENSG00000075624.13,Vagina,3645.0,156
ACTB,housekeeping,ENSG00000075624.13,Whole_Blood,4804.0,755
ACTB,housekeeping,ENSG00000075624.13,Brain_Amygdala,1011.5,152
ACTB,housekeeping,ENSG00000075624.13,Pituitary,1204.0,283
ACTB,housekeeping,ENSG00000075624.13,Minor_Salivary_Gland,1726.5,162
ACTB,housekeeping,ENSG00000075624.13,Adipose_Subcutaneous,3523.0,663
ACTB,housekeeping,ENSG00000075624.13,Adrenal_Gland,1439.5,258
ACTB,housekeeping,ENSG00000075624.13,Heart_Atrial_Appendage,1200.0,429
ACTB,housekeeping,ENSG00000075624.13,Breast_Mammary_Tissue,3130.0,459
ACTB,housekeeping,ENSG00000075624.13,Stomach,1996.0,359
ACTB,housekeeping,ENSG00000075624.13,Brain_Caudate_basal_ganglia,1181.0,246
ACTB,housekeeping,ENSG00000075624.13,Colon_Transverse,4372.5,406
ACTB,housekeeping,ENSG00000075624.13,Brain_Cerebellum,1205.0,241
ACTB,housekeeping,ENSG00000075624.13,Esophagus_Muscularis,9782.0,515
ACTB,housekeeping,ENSG00000075624.13,Liver,760.45,226
ACTB,housekeeping,ENSG00000075624.13,Muscle_Skeletal,396.0,803
ACTB,housekeeping,ENSG00000075624.13,Prostate,3107.0,245
ACTB,housekeeping,ENSG00000075624.13,Pancreas,404.8,328
ACTB,housekeeping,ENSG00000075624.13,Nerve_Tibial,3386.0,619
ACTB,housekeeping,ENSG00000075624.13,Brain_Hippocampus,1107.0,197
ACTB,housekeeping,ENSG00000075624.13,Spleen,3838.0,241
ACTB,housekeeping,ENSG00000075624.13,Colon_Sigmoid,10180.0,373
ACTB,housekeeping,ENSG00000075624.13,Brain_Anterior_cingulate_cortex_BA24,1186.0,176
ACTB,housekeeping,ENSG00000075624.13,Esophagus_Gastroesophageal_Junction,8623.0,375
ACTB,housekeeping,ENSG00000075624.13,Brain_Hypothalamus,1026.5,202
ACTB,housekeeping,ENSG00000075624.13,Brain_Cortex,1310.0,255
ACTB,housekeeping,ENSG00000075624.13,Heart_Left_Ventricle,452.0,432
ACTB,housekeeping,ENSG00000075624.13,Artery_Tibial,11600.0,663
ACTB,housekeeping,ENSG00000075624.13,Uterus,7323.0,142
ACTB,housekeeping,ENSG00000075624.13,Ovary,2810.5,180
ACTB,housekeeping,ENSG00000075624.13,Cells_EBV-transformed_lymphocytes,11630.0,174
ACTB,housekeeping,ENSG00000075624.13,Artery_Coronary,8362.0,240
ACTB,housekeeping,ENSG00000075624.13,Brain_Spinal_cord_cervical_c-1,2144.0,159
ACTB,housekeeping,ENSG00000075624.13,Adipose_Visceral_Omentum,3369.0,541
ACTB,housekeeping,ENSG00000075624.13,Brain_Nucleus_accumbens_basal_ganglia,1228.0,246
ACTB,housekeeping,ENSG00000075624.13,Brain_Cerebellar_Hemisphere,1240.0,215
ACTB,housekeeping,ENSG00000075624.13,Esophagus_Mucosa,3467.0,555
ACTB,housekeeping,ENSG00000075624.13,Cells_Cultured_fibroblasts,6699.0,504
ACTB,housekeeping,ENSG00000075624.13,Artery_Aorta,9154.0,432
ACTB,housekeeping,ENSG00000075624.13,Brain_Putamen_basal_ganglia,970.7,205
ACTB,housekeeping,ENSG00000075624.13,Kidney_Medulla,1490.5,4
ACTB,housekeeping,ENSG00000075624.13,Lung,4809.5,578
ACTB,housekeeping,ENSG00000075624.13,Kidney_Cortex,1066.0,85
ACTB,housekeeping,ENSG00000075624.13,Brain_Substantia_nigra,1020.0,139
ACTB,housekeeping,ENSG00000075624.13,Cervix_Endocervix,4252.0,10
ACTB,housekeeping,ENSG00000075624.13,Skin_Sun_Exposed_Lower_leg,2169.0,701
ACTB,housekeeping,ENSG00000075624.13,Cervix_Ectocervix,3832.0,9
PRSS1,pancreas_specific,ENSG00000204983.13,Thyroid,2.556,653
PRSS1,pancreas_specific,ENSG00000204983.13,Testis,6.261,361
PRSS1,pancreas_specific,ENSG00000204983.13,Small_Intestine_Terminal_Ileum,7.432,187
PRSS1,pancreas_specific,ENSG00000204983.13,Skin_Not_Sun_Exposed_Suprapubic,1.548,604
PRSS1,pancreas_specific,ENSG00000204983.13,Brain_Frontal_Cortex_BA9,0.6034,209
PRSS1,pancreas_specific,ENSG00000204983.13,Fallopian_Tube,13.89,9
PRSS1,pancreas_specific,ENSG00000204983.13,Bladder,8.707,21
PRSS1,pancreas_specific,ENSG00000204983.13,Vagina,6.076,156
PRSS1,pancreas_specific,ENSG00000204983.13,Whole_Blood,0.2378,755
PRSS1,pancreas_specific,ENSG00000204983.13,Brain_Amygdala,0.0853,152
PRSS1,pancreas_specific,ENSG00000204983.13,Pituitary,7.241,283
PRSS1,pancreas_specific,ENSG00000204983.13,Minor_Salivary_Gland,3.0345,162
PRSS1,pancreas_specific,ENSG00000204983.13,Adipose_Subcutaneous,1.275,663
PRSS1,pancreas_specific,ENSG00000204983.13,Adrenal_Gland,7.3765,258
PRSS1,pancreas_specific,ENSG00000204983.13,Heart_Atrial_Appendage,0.9671,429
PRSS1,pancreas_specific,ENSG00000204983.13,Breast_Mammary_Tissue,1.981,459
PRSS1,pancreas_specific,ENSG00000204983.13,Stomach,28.36,359
PRSS1,pancreas_specific,ENSG00000204983.13,Brain_Caudate_basal_ganglia,0.1678,246
PRSS1,pancreas_specific,ENSG00000204983.13,Colon_Transverse,4.035,406
PRSS1,pancreas_specific,ENSG00000204983.13,Brain_Cerebellum,5.697,241
PRSS1,pancreas_specific,ENSG00000204983.13,Esophagus_Muscularis,4.236,515
PRSS1,pancreas_specific,ENSG00000204983.13,Liver,7.049,226
PRSS1,pancreas_specific,ENSG00000204983.13,Muscle_Skeletal,0.3787,803
PRSS1,pancreas_specific,ENSG00000204983.13,Prostate,6.261,245
PRSS1,pancreas_specific,ENSG00000204983.13,Pancreas,78675.0,328
PRSS1,pancreas_specific,ENSG00000204983.13,Nerve_Tibial,1.623,619
PRSS1,pancreas_specific,ENSG00000204983.13,Brain_Hippocampus,0.3853,197
PRSS1,pancreas_specific,ENSG00000204983.13,Spleen,10.22,241
PRSS1,pancreas_specific,ENSG00000204983.13,Colon_Sigmoid,1.654,373
PRSS1,pancreas_specific,ENSG00000204983.13,Brain_Anterior_cingulate_cortex_BA24,0.2754,176
PRSS1,pancreas_specific,ENSG00000204983.13,Esophagus_Gastroesophageal_Junction,1.714,375
PRSS1,pancreas_specific,ENSG00000204983.13,Brain_Hypothalamus,0.3757,202
PRSS1,pancreas_specific,ENSG00000204983.13,Brain_Cortex,0.391,255
PRSS1,pancreas_specific,ENSG00000204983.13,Heart_Left_Ventricle,0.8155,432
PRSS1,pancreas_specific,ENSG00000204983.13,Artery_Tibial,0.7105,663
PRSS1,pancreas_specific,ENSG00000204983.13,Uterus,10.03,142
PRSS1,pancreas_specific,ENSG00000204983.13,Ovary,11.42,180
PRSS1,pancreas_specific,ENSG00000204983.13,Cells_EBV-transformed_lymphocytes,5.2515,174
PRSS1,pancreas_specific,ENSG00000204983.13,Artery_Coronary,3.83,240
PRSS1,pancreas_specific,ENSG00000204983.13,Brain_Spinal_cord_cervical_c-1,0.5071,159
PRSS1,pancreas_specific,ENSG00000204983.13,Adipose_Visceral_Omentum,2.527,541
PRSS1,pancreas_specific,ENSG00000204983.13,Brain_Nucleus_accumbens_basal_ganglia,0.0808,246
PRSS1,pancreas_specific,ENSG00000204983.13,Brain_Cerebellar_Hemisphere,1.149,215
PRSS1,pancreas_specific,ENSG00000204983.13,Esophagus_Mucosa,7.683,555
PRSS1,pancreas_specific,ENSG00000204983.13,Cells_Cultured_fibroblasts,1.181,504
PRSS1,pancreas_specific,ENSG00000204983.13,Artery_Aorta,4.564,432
PRSS1,pancreas_specific,ENSG00000204983.13,Brain_Putamen_basal_ganglia,0.0943,205
PRSS1,pancreas_specific,ENSG00000204983.13,Kidney_Medulla,4.4972,4
PRSS1,pancreas_specific,ENSG00000204983.13,Lung,2.5885,578
PRSS1,pancreas_specific,ENSG00000204983.13,Kidney_Cortex,3.637,85
PRSS1,pancreas_specific,ENSG00000204983.13,Brain_Substantia_nigra,0.2937,139
PRSS1,pancreas_specific,ENSG00000204983.13,Cervix_Endocervix,6.9535,10
PRSS1,pancreas_specific,ENSG00000204983.13,Skin_Sun_Exposed_Lower_leg,1.074,701
PRSS1,pancreas_specific,ENSG00000204983.13,Cervix_Ectocervix,14.16,9
INS,pancreas_specific,ENSG00000254647.6,Thyroid,0.1087,653
INS,pancreas_specific,ENSG00000254647.6,Testis,0.2665,361
INS,pancreas_specific,ENSG00000254647.6,Small_Intestine_Terminal_Ileum,0.1933,187
INS,pancreas_specific,ENSG00000254647.6,Skin_Not_Sun_Exposed_Suprapubic,0.0448,604
INS,pancreas_specific,ENSG00000254647.6,Brain_Frontal_Cortex_BA9,0.0,209
INS,pancreas_specific,ENSG00000254647.6,Fallopian_Tube,0.3123,9
INS,pancreas_specific,ENSG00000254647.6,Bladder,0.184,21
INS,pancreas_specific,ENSG00000254647.6,Vagina,0.1673,156
INS,pancreas_specific,ENSG00000254647.6,Whole_Blood,0.0,755
INS,pancreas_specific,ENSG00000254647.6,Brain_Amygdala,0.0,152
INS,pancreas_specific,ENSG00000254647.6,Pituitary,0.2547,283
INS,pancreas_specific,ENSG00000254647.6,Minor_Salivary_Gland,0.1142,162
INS,pancreas_specific,ENSG00000254647.6,Adipose_Subcutaneous,0.0,663
INS,pancreas_specific,ENSG00000254647.6,Adrenal_Gland,0.4732,258
INS,pancreas_specific,ENSG00000254647.6,Heart_Atrial_Appendage,0.0,429
INS,pancreas_specific,ENSG00000254647.6,Breast_Mammary_Tissue,0.0,459
INS,pancreas_specific,ENSG00000254647.6,Stomach,0.193,359
INS,pancreas_specific,ENSG00000254647.6,Brain_Caudate_basal_ganglia,0.0372,246
INS,pancreas_specific,ENSG00000254647.6,Colon_Transverse,0.1159,406
INS,pancreas_specific,ENSG00000254647.6,Brain_Cerebellum,0.1648,241
INS,pancreas_specific,ENSG00000254647.6,Esophagus_Muscularis,0.1033,515
INS,pancreas_specific,ENSG00000254647.6,Liver,0.2567,226
INS,pancreas_specific,ENSG00000254647.6,Muscle_Skeletal,0.0209,803
INS,pancreas_specific,ENSG00000254647.6,Prostate,0.1719,245
INS,pancreas_specific,ENSG00000254647.6,Pancreas,2325.5,328
INS,pancreas_specific,ENSG00000254647.6,Nerve_Tibial,0.084,619
INS,pancreas_specific,ENSG00000254647.6,Brain_Hippocampus,0.0,197
INS,pancreas_specific,ENSG00000254647.6,Spleen,0.3398,241
INS,pancreas_specific,ENSG00000254647.6,Colon_Sigmoid,0.0722,373
INS,pancreas_specific,ENSG00000254647.6,Brain_Anterior_cingulate_cortex_BA24,0.0,176
INS,pancreas_specific,ENSG00000254647.6,Esophagus_Gastroesophageal_Junction,0.0362,375
INS,pancreas_specific,ENSG00000254647.6,Brain_Hypothalamus,0.2501,202
INS,pancreas_specific,ENSG00000254647.6,Brain_Cortex,0.0295,255
INS,pancreas_specific,ENSG00000254647.6,Heart_Left_Ventricle,0.023,432
INS,pancreas_specific,ENSG00000254647.6,Artery_Tibial,0.0,663
INS,pancreas_specific,ENSG00000254647.6,Uterus,0.2596,142
INS,pancreas_specific,ENSG00000254647.6,Ovary,0.3113,180
INS,pancreas_specific,ENSG00000254647.6,Cells_EBV-transformed_lymphocytes,0.1407,174
INS,pancreas_specific,ENSG00000254647.6,Artery_Coronary,0.1212,240
INS,pancreas_specific,ENSG00000254647.6,Brain_Spinal_cord_cervical_c-1,0.0,159
INS,pancreas_specific,ENSG00000254647.6,Adipose_Visceral_Omentum,0.0853,541
INS,pancreas_specific,ENSG00000254647.6,Brain_Nucleus_accumbens_basal_ganglia,0.0,246
INS,pancreas_specific,ENSG00000254647.6,Brain_Cerebellar_Hemisphere,0.089,215
INS,pancreas_specific,ENSG00000254647.6,Esophagus_Mucosa,0.209,555
INS,pancreas_specific,ENSG00000254647.6,Cells_Cultured_fibroblasts,0.0422,504
INS,pancreas_specific,ENSG00000254647.6,Artery_Aorta,0.1255,432
INS,pancreas_specific,ENSG00000254647.6,Brain_Putamen_basal_ganglia,0.0,205
INS,pancreas_specific,ENSG00000254647.6,Kidney_Medulla,0.1045,4
INS,pancreas_specific,ENSG00000254647.6,Lung,0.0822,578
INS,pancreas_specific,ENSG00000254647.6,Kidney_Cortex,0.1313,85
INS,pancreas_specific,ENSG00000254647.6,Brain_Substantia_nigra,0.4377,139
INS,pancreas_specific,ENSG00000254647.6,Cervix_Endocervix,0.1552,10
INS,pancreas_specific,ENSG00000254647.6,Skin_Sun_Exposed_Lower_leg,0.0591,701
INS,pancreas_specific,ENSG00000254647.6,Cervix_Ectocervix,0.4493,9
