hgvs,gene,trinuc,ref_matches,cpg,transition,cpg_transition
chr9:g.21971111G>A,CDKN2A,TGC,1,0,1,0
chr9:g.21974786T>C,CDKN2A,GTC,1,0,1,0
chr9:g.21971003C>T,CDKN2A,TCA,1,0,1,0
chr9:g.21971111G>C,CDKN2A,TGC,1,0,0,0
chr9:g.21974702T>A,CDKN2A,ATT,1,0,0,0
chr9:g.21974790C>T,CDKN2A,GCC,1,0,1,0
chr9:g.21974760C>A,CDKN2A,CCC,1,0,0,0
chr9:g.21971066G>A,CDKN2A,TGC,1,0,1,0
chr9:g.21971087G>T,CDKN2A,AGG,1,0,0,0
chr9:g.21970969A>T,CDKN2A,CAG,1,0,0,0
chr9:g.21971047A>T,CDKN2A,CAG,1,0,0,0
chr9:g.21970970G>C,CDKN2A,AGG,1,0,0,0
chr9:g.21971138C>A,CDKN2A,TCG,1,1,0,0
chr9:g.21974677C>A,CDKN2A,CCT,1,0,0,0
chr9:g.21971206A>T,CDKN2A,GAC,1,0,0,0
chr9:g.21971017G>C,CDKN2A,GGG,1,0,0,0
chr9:g.21971065T>G,CDKN2A,GTG,1,0,0,0
chr9:g.21971048G>C,CDKN2A,AGC,1,0,0,0
chr9:g.21971053G>T,CDKN2A,CGC,1,1,0,0
chr9:g.21974681A>T,CDKN2A,GAT,1,0,0,0
chr9:g.21971107T>C,CDKN2A,GTC,1,0,1,0
chr9:g.21971108C>A,CDKN2A,TCG,1,1,0,0
chr9:g.21970976G>A,CDKN2A,CGT,1,1,1,1
chr9:g.21974684G>C,CDKN2A,CGG,1,1,0,0
chr9:g.21971108C>T,CDKN2A,TCG,1,1,1,1
chr9:g.21974732A>G,CDKN2A,CAG,1,0,1,0
chr9:g.21971105C>T,CDKN2A,GCG,1,1,1,1
chr9:g.21974684G>A,CDKN2A,CGG,1,1,1,1
chr9:g.21971167A>G,CDKN2A,CAG,1,0,1,0
chr9:g.21974732A>T,CDKN2A,CAG,1,0,0,0
chr9:g.21974714G>T,CDKN2A,GGG,1,0,0,0
chr9:g.21971107T>A,CDKN2A,GTC,1,0,0,0
chr9:g.21971138C>T,CDKN2A,TCG,1,1,1,1
chr9:g.21974678T>C,CDKN2A,CTG,1,0,1,0
chr9:g.21971170A>T,CDKN2A,CAG,1,0,0,0
chr9:g.21971116G>C,CDKN2A,GGG,1,0,0,0
chr9:g.21994138C>T,CDKN2A,CCT,1,0,1,0
chr9:g.21971088G>C,CDKN2A,GGA,1,0,0,0
chr9:g.21971017G>A,CDKN2A,GGG,1,0,1,0
chr9:g.21974780A>T,CDKN2A,CAG,1,0,0,0
chr9:g.21971077A>T,CDKN2A,CAG,1,0,0,0
chr9:g.21971088G>A,CDKN2A,GGA,1,0,1,0
chr9:g.21974813G>C,CDKN2A,CGC,1,1,0,0
chr9:g.21974760C>G,CDKN2A,CCC,1,0,0,0
chr9:g.21970901C>G,CDKN2A,CCT,1,0,0,0
chr9:g.21971069G>C,CDKN2A,AGC,1,0,0,0
chr9:g.21971077A>C,CDKN2A,CAG,1,0,0,0
chr9:g.21971156C>T,CDKN2A,GCG,1,1,1,1
chr9:g.21974765G>T,CDKN2A,GGC,1,0,0,0
chr9:g.21971111G>T,CDKN2A,TGC,1,0,0,0
chr9:g.21971068A>G,CDKN2A,CAG,1,0,1,0
chr9:g.21974678T>G,CDKN2A,CTG,1,0,0,0
chr9:g.21971144A>C,CDKN2A,CAG,1,0,0,0
chr9:g.21971207C>A,CDKN2A,ACC,1,0,0,0
chr9:g.21971035T>C,CDKN2A,ATC,1,0,1,0
chr9:g.21971164A>G,CDKN2A,GAG,1,0,1,0
chr9:g.21971110T>C,CDKN2A,GTG,1,0,1,0
chr9:g.21974766C>G,CDKN2A,GCC,1,0,0,0
chr9:g.21971077A>G,CDKN2A,CAG,1,0,1,0
chr9:g.21971053G>A,CDKN2A,CGC,1,1,1,1
chr9:g.21994138C>A,CDKN2A,CCT,1,0,0,0
chr9:g.21971170A>C,CDKN2A,CAG,1,0,0,0
chr9:g.21971017G>T,CDKN2A,GGG,1,0,0,0
chr9:g.21974684G>T,CDKN2A,CGG,1,1,0,0
chr9:g.21970969A>C,CDKN2A,CAG,1,0,0,0
chr9:g.21974701A>C,CDKN2A,TAT,1,0,0,0
chr9:g.21971155G>A,CDKN2A,CGC,1,1,1,1
chr9:g.21974768G>T,CDKN2A,CGC,1,1,0,0
chr9:g.21971047A>C,CDKN2A,CAG,1,0,0,0
chr9:g.21971194C>T,CDKN2A,GCC,1,0,1,0
chr9:g.21971170A>G,CDKN2A,CAG,1,0,1,0
chr9:g.21971129T>A,CDKN2A,GTG,1,0,0,0
chr9:g.21971140G>C,CDKN2A,GGC,1,0,0,0
chr9:g.21971137T>A,CDKN2A,GTC,1,0,0,0
chr9:g.21974720G>C,CDKN2A,CGC,1,1,0,0
chr8:g.113326150G>A,CSMD3,CGG,1,1,1,1
chr8:g.113697836G>A,CSMD3,AGA,1,0,1,0
chr8:g.113697892C>T,CSMD3,TCC,1,0,1,0
chr8:g.113347602T>C,CSMD3,GTG,1,0,1,0
chr8:g.113418858A>C,CSMD3,AAA,1,0,0,0
chr8:g.113348918G>T,CSMD3,AGG,1,0,0,0
chr8:g.113504912G>A,CSMD3,TGC,1,0,1,0
chr8:g.113519014A>C,CSMD3,GAA,1,0,0,0
chr8:g.113317044G>T,CSMD3,AGC,1,0,0,0
chr8:g.113237091T>G,CSMD3,TTC,1,0,0,0
chr8:g.113697844C>T,CSMD3,CCG,1,1,1,1
chr8:g.113256691G>A,CSMD3,TGC,1,0,1,0
chr8:g.113651026G>T,CSMD3,AGG,1,0,0,0
chr8:g.113308202T>C,CSMD3,ATT,1,0,1,0
chr8:g.113402975A>C,CSMD3,CAA,1,0,0,0
chr8:g.113702265T>A,CSMD3,CTT,1,0,0,0
chr8:g.113694719G>A,CSMD3,AGA,1,0,1,0
chr8:g.113303824G>C,CSMD3,TGC,1,0,0,0
chr8:g.113960031C>A,CSMD3,TCC,1,0,0,0
chr8:g.113299436C>A,CSMD3,GCC,1,0,0,0
chr8:g.113678560C>G,CSMD3,ACA,1,0,0,0
chr8:g.113277715T>C,CSMD3,ATC,1,0,1,0
chr8:g.113649132G>A,CSMD3,CGA,1,1,1,1
chr8:g.113323359C>G,CSMD3,TCC,1,0,0,0
chr8:g.113697751C>T,CSMD3,TCC,1,0,1,0
chr1:g.152286796T>A,FLG,TTC,1,0,0,0
chr1:g.152282178C>A,FLG,ACT,1,0,0,0
chr1:g.152275642C>T,FLG,GCG,1,1,1,1
chr1:g.152281915T>C,FLG,GTG,1,0,1,0
chr1:g.152281939T>C,FLG,CTC,1,0,1,0
chr1:g.152285813G>A,FLG,CGA,1,1,1,1
chr1:g.152277244C>T,FLG,ACG,1,1,1,1
chr1:g.152279011T>C,FLG,GTC,1,0,1,0
chr1:g.152284997G>A,FLG,CGT,1,1,1,1
chr1:g.152277769A>C,FLG,GAC,1,0,0,0
chr1:g.152280068C>T,FLG,CCG,1,1,1,1
chr1:g.152277587C>T,FLG,TCG,1,1,1,1
chr1:g.152279590T>G,FLG,ATG,1,0,0,0
chr1:g.152286659T>C,FLG,GTG,1,0,1,0
chr1:g.152277031C>T,FLG,TCC,1,0,1,0
chr1:g.152286899T>A,FLG,CTA,1,0,0,0
chr1:g.152280587G>A,FLG,CGC,1,1,1,1
chr1:g.152281106G>A,FLG,CGT,1,1,1,1
chr1:g.152280892G>A,FLG,CGA,1,1,1,1
chr1:g.152283305G>C,FLG,GGA,1,0,0,0
chr1:g.152285549G>T,FLG,TGG,1,0,0,0
chr1:g.152282597G>A,FLG,CGC,1,1,1,1
chr1:g.152281197G>T,FLG,TGT,1,0,0,0
chr1:g.152279965G>A,FLG,CGG,1,1,1,1
chr1:g.152283598T>C,FLG,TTC,1,0,1,0
chr1:g.152282108G>A,FLG,CGT,1,1,1,1
chr1:g.152281460C>T,FLG,CCG,1,1,1,1
chr1:g.152285332G>T,FLG,GGA,1,0,0,0
chr1:g.152283693G>C,FLG,TGT,1,0,0,0
chr1:g.152280037T>C,FLG,GTG,1,0,1,0
chr1:g.152286574G>A,FLG,AGA,1,0,1,0
chr1:g.152281690C>T,FLG,CCG,1,1,1,1
chr1:g.152281691G>A,FLG,CGA,1,1,1,1
chr1:g.152281745G>T,FLG,TGT,1,0,0,0
chr1:g.152278555T>C,FLG,GTC,1,0,1,0
chr1:g.152278792C>T,FLG,ACG,1,1,1,1
chr1:g.152281479G>T,FLG,CGT,1,1,0,0
chr1:g.152280900T>G,FLG,CTT,1,0,0,0
chr1:g.152281621T>C,FLG,CTG,1,0,1,0
chr1:g.152280160C>T,FLG,ACG,1,1,1,1
chr1:g.152280347C>T,FLG,TCT,1,0,1,0
chr1:g.152285024G>A,FLG,CGT,1,1,1,1
chr1:g.152278049A>C,FLG,TAT,1,0,0,0
chr1:g.152284424G>C,FLG,TGT,1,0,0,0
chr1:g.152281711C>T,FLG,ACG,1,1,1,1
chr1:g.152284211G>A,FLG,CGC,1,1,1,1
chr1:g.152283334A>G,FLG,CAC,1,0,1,0
chr1:g.152281628T>A,FLG,CTG,1,0,0,0
chr1:g.152286198G>C,FLG,GGT,1,0,0,0
chr12:g.25398285C>G,KRAS,CCA,1,0,0,0
chr12:g.25398284C>A,KRAS,ACC,1,0,0,0
chr12:g.25398284C>T,KRAS,ACC,1,0,1,0
chr12:g.25398285C>T,KRAS,CCA,1,0,1,0
chr12:g.25380276T>C,KRAS,TTG,1,0,1,0
chr12:g.25380275T>G,KRAS,CTT,1,0,0,0
chr12:g.25398284C>G,KRAS,ACC,1,0,0,0
chr12:g.25398282C>A,KRAS,CCA,1,0,0,0
chr12:g.25380275T>A,KRAS,CTT,1,0,0,0
chr12:g.25398285C>A,KRAS,CCA,1,0,0,0
chr12:g.25398288C>T,KRAS,GCT,1,0,1,0
chr12:g.25398282C>G,KRAS,CCA,1,0,0,0
chr12:g.25398266G>A,KRAS,GGC,1,0,1,0
chr12:g.25398281C>T,KRAS,GCC,1,0,1,0
chr12:g.25380277G>T,KRAS,TGA,1,0,0,0
chr12:g.25378562C>T,KRAS,GCT,1,0,1,0
chr12:g.25398252G>C,KRAS,AGC,1,0,0,0
chr12:g.25380264C>T,KRAS,ACT,1,0,1,0
chr12:g.25398235A>C,KRAS,CAA,1,0,0,0
chr12:g.25380276T>A,KRAS,TTG,1,0,0,0
chr12:g.25380320A>C,KRAS,CAA,1,0,0,0
chr12:g.25368383T>G,KRAS,ATA,1,0,0,0
chr12:g.25378639A>G,KRAS,CAA,1,0,1,0
chr12:g.25380328C>G,KRAS,ACT,1,0,0,0
chr12:g.25380262C>A,KRAS,GCA,1,0,0,0
chr12:g.25378558T>C,KRAS,CTT,1,0,1,0
chr12:g.25398262C>A,KRAS,TCA,1,0,0,0
chr12:g.25378561G>A,KRAS,TGC,1,0,1,0
chr12:g.25378562C>G,KRAS,GCT,1,0,0,0
chr12:g.25378571C>T,KRAS,TCA,1,0,1,0
chr2:g.141298554T>G,LRP1B,TTG,1,0,0,0
chr2:g.141607868C>T,LRP1B,ACG,1,1,1,1
chr2:g.141806690T>C,LRP1B,ATG,1,0,1,0
chr2:g.141641588C>T,LRP1B,ACA,1,0,1,0
chr2:g.141747212G>A,LRP1B,GGA,1,0,1,0
chr2:g.141208170A>G,LRP1B,CAG,1,0,1,0
chr2:g.141113963G>T,LRP1B,AGA,1,0,0,0
chr2:g.141533752T>G,LRP1B,TTT,1,0,0,0
chr2:g.141253268A>C,LRP1B,TAC,1,0,0,0
chr2:g.140990894G>A,LRP1B,TGG,1,0,1,0
chr2:g.141215049G>T,LRP1B,AGA,1,0,0,0
chr2:g.141359166T>C,LRP1B,ATC,1,0,1,0
chr2:g.141526881C>T,LRP1B,TCA,1,0,1,0
chr2:g.141032124A>C,LRP1B,CAA,1,0,0,0
chr2:g.141242946A>T,LRP1B,AAC,1,0,0,0
chr2:g.141641448T>A,LRP1B,TTC,1,0,0,0
chr2:g.141771238T>A,LRP1B,ATA,1,0,0,0
chr2:g.141806624C>T,LRP1B,TCA,1,0,1,0
chr2:g.141201899G>A,LRP1B,CGA,1,1,1,1
chr2:g.141267572C>T,LRP1B,ACG,1,1,1,1
chr2:g.141609268G>A,LRP1B,CGC,1,1,1,1
chr2:g.141128392C>T,LRP1B,ACA,1,0,1,0
chr2:g.141356398C>T,LRP1B,ACA,1,0,1,0
chr2:g.141473578T>A,LRP1B,ATC,1,0,0,0
chr2:g.141458136C>T,LRP1B,TCG,1,1,1,1
chr2:g.141598583G>A,LRP1B,CGT,1,1,1,1
chr2:g.142237965C>T,LRP1B,CCC,1,0,1,0
chr2:g.141232733T>C,LRP1B,GTT,1,0,1,0
chr2:g.141135793A>T,LRP1B,AAC,1,0,0,0
chr2:g.141806556A>C,LRP1B,CAT,1,0,0,0
chr2:g.141291656G>T,LRP1B,GGA,1,0,0,0
chr2:g.141283547G>A,LRP1B,TGT,1,0,1,0
chr2:g.141055518C>A,LRP1B,GCA,1,0,0,0
chr2:g.141201904T>A,LRP1B,GTC,1,0,0,0
chr2:g.141739824T>A,LRP1B,CTG,1,0,0,0
chr2:g.141660597T>A,LRP1B,TTG,1,0,0,0
chr2:g.141986805T>A,LRP1B,TTT,1,0,0,0
chr2:g.141243077G>A,LRP1B,CGC,1,1,1,1
chr2:g.141299446C>A,LRP1B,CCG,1,1,0,0
chr2:g.141079577C>T,LRP1B,CCT,1,0,1,0
chr19:g.9085442C>A,MUC16,GCA,1,0,0,0
chr19:g.9063069G>A,MUC16,GGT,1,0,1,0
chr19:g.9064926G>A,MUC16,TGC,1,0,1,0
chr19:g.9047967A>G,MUC16,AAC,1,0,1,0
chr19:g.9026241G>A,MUC16,CGA,1,1,1,1
chr19:g.9074001G>A,MUC16,CGC,1,1,1,1
chr19:g.9058483T>C,MUC16,GTC,1,0,1,0
chr19:g.9067822T>C,MUC16,GTC,1,0,1,0
chr19:g.8973992G>T,MUC16,AGC,1,0,0,0
chr19:g.8999547G>A,MUC16,TGC,1,0,1,0
chr19:g.9047793T>C,MUC16,GTC,1,0,1,0
chr19:g.9002161G>A,MUC16,GGT,1,0,1,0
chr19:g.9060121T>A,MUC16,GTT,1,0,0,0
chr19:g.9047105A>C,MUC16,AAA,1,0,0,0
chr19:g.9061129T>C,MUC16,ATT,1,0,1,0
chr19:g.9000566G>A,MUC16,GGC,1,0,1,0
chr19:g.8995635C>T,MUC16,CCT,1,0,1,0
chr19:g.9046155G>T,MUC16,AGT,1,0,0,0
chr19:g.9085546A>C,MUC16,AAA,1,0,0,0
chr19:g.9070734G>A,MUC16,AGT,1,0,1,0
chr19:g.9057514C>A,MUC16,GCT,1,0,0,0
chr19:g.9062517C>A,MUC16,CCT,1,0,0,0
chr19:g.8974076G>A,MUC16,CGG,1,1,1,1
chr19:g.9067890G>A,MUC16,TGC,1,0,1,0
chr19:g.9015664C>T,MUC16,GCC,1,0,1,0
chr19:g.9048279G>T,MUC16,AGA,1,0,0,0
chr19:g.9085462G>A,MUC16,CGC,1,1,1,1
chr19:g.8997154C>T,MUC16,GCC,1,0,1,0
chr19:g.8982221C>A,MUC16,GCT,1,0,0,0
chr19:g.9046323T>C,MUC16,GTC,1,0,1,0
chr19:g.9090699C>A,MUC16,TCT,1,0,0,0
chr19:g.9070332G>A,MUC16,CGC,1,1,1,1
chr19:g.9089947G>T,MUC16,TGT,1,0,0,0
chr19:g.9057140C>A,MUC16,CCA,1,0,0,0
chr19:g.9064306G>A,MUC16,GGA,1,0,1,0
chr19:g.9005718C>T,MUC16,CCA,1,0,1,0
chr19:g.9058858C>G,MUC16,TCT,1,0,0,0
chr19:g.9056247C>T,MUC16,TCT,1,0,1,0
chr19:g.9049571G>A,MUC16,AGG,1,0,1,0
chr19:g.9063034T>C,MUC16,ATC,1,0,1,0
chr19:g.9062950T>C,MUC16,ATG,1,0,1,0
chr19:g.9038407G>A,MUC16,CGG,1,1,1,1
chr19:g.9084223A>T,MUC16,AAG,1,0,0,0
chr19:g.9046028G>A,MUC16,GGA,1,0,1,0
chr19:g.9083879C>A,MUC16,TCC,1,0,0,0
chr19:g.8997507G>A,MUC16,AGA,1,0,1,0
chr19:g.9076177C>T,MUC16,GCC,1,0,1,0
chr19:g.9076237C>G,MUC16,TCA,1,0,0,0
chr19:g.9060291G>A,MUC16,TGT,1,0,1,0
chr19:g.9075012G>A,MUC16,TGT,1,0,1,0
chr19:g.9087050C>T,MUC16,ACT,1,0,1,0
chr19:g.9066039G>A,MUC16,CGT,1,1,1,1
chr19:g.9057561G>T,MUC16,AGA,1,0,0,0
chr19:g.9076607C>A,MUC16,GCA,1,0,0,0
chr19:g.9054279G>A,MUC16,TGG,1,0,1,0
chr19:g.9069622G>T,MUC16,AGA,1,0,0,0
chr19:g.9067771C>T,MUC16,ACA,1,0,1,0
chr19:g.9087740C>A,MUC16,GCG,1,1,0,0
chr19:g.9005681C>T,MUC16,GCG,1,1,1,1
chr19:g.9085643A>G,MUC16,GAT,1,0,1,0
chr19:g.9087758G>A,MUC16,TGG,1,0,1,0
chr19:g.9006392C>T,MUC16,GCT,1,0,1,0
chr19:g.8999392C>G,MUC16,CCA,1,0,0,0
chr19:g.9070402G>T,MUC16,GGC,1,0,0,0
chr19:g.9048170G>A,MUC16,AGA,1,0,1,0
chr19:g.9084299T>C,MUC16,GTC,1,0,1,0
chr19:g.9048035G>C,MUC16,AGC,1,0,0,0
chr19:g.9074265G>A,MUC16,AGT,1,0,1,0
chr19:g.9056989C>G,MUC16,TCA,1,0,0,0
chr19:g.9049125G>A,MUC16,GGA,1,0,1,0
chr19:g.9056982G>A,MUC16,TGT,1,0,1,0
chr19:g.9086145G>C,MUC16,TGT,1,0,0,0
chr19:g.9085741C>A,MUC16,GCT,1,0,0,0
chr19:g.9066576C>A,MUC16,GCT,1,0,0,0
chr19:g.9076438C>A,MUC16,GCA,1,0,0,0
chr19:g.9015686C>T,MUC16,TCG,1,1,1,1
chr19:g.9076725G>T,MUC16,TGT,1,0,0,0
chr19:g.9067185T>C,MUC16,GTC,1,0,1,0
chr19:g.9058926G>A,MUC16,CGT,1,1,1,1
chr19:g.8966679G>A,MUC16,GGT,1,0,1,0
chr19:g.9062933C>A,MUC16,GCT,1,0,0,0
chr19:g.9083457C>T,MUC16,GCA,1,0,1,0
chr19:g.9070617C>T,MUC16,CCG,1,1,1,1
chr19:g.9024949G>A,MUC16,CGG,1,1,1,1
chr19:g.9065136A>G,MUC16,CAA,1,0,1,0
chr19:g.9070725G>T,MUC16,AGC,1,0,0,0
chr19:g.38994959C>T,RYR1,ACG,1,1,1,1
chr19:g.38976333G>A,RYR1,CGT,1,1,1,1
chr19:g.38958285C>T,RYR1,GCG,1,1,1,1
chr19:g.38976774C>T,RYR1,TCG,1,1,1,1
chr19:g.38958370G>A,RYR1,CGC,1,1,1,1
chr19:g.38976522G>A,RYR1,CGC,1,1,1,1
chr19:g.39058490C>A,RYR1,CCT,1,0,0,0
chr19:g.38996982G>A,RYR1,CGA,1,1,1,1
chr19:g.38976414C>T,RYR1,GCG,1,1,1,1
chr19:g.39063833T>G,RYR1,TTT,1,0,0,0
chr19:g.38956988G>A,RYR1,CGC,1,1,1,1
chr19:g.38993325C>T,RYR1,GCG,1,1,1,1
chr19:g.38931486G>T,RYR1,AGC,1,0,0,0
chr19:g.39028579C>A,RYR1,GCT,1,0,0,0
chr19:g.39013945C>A,RYR1,GCT,1,0,0,0
chr19:g.39075614G>A,RYR1,CGG,1,1,1,1
chr19:g.38966037G>A,RYR1,CGT,1,1,1,1
chr19:g.38939039G>A,RYR1,CGG,1,1,1,1
chr19:g.39038962G>T,RYR1,CGA,1,1,0,0
chr19:g.39052033G>A,RYR1,CGC,1,1,1,1
chr19:g.39003117G>A,RYR1,CGT,1,1,1,1
chr19:g.38949888G>A,RYR1,CGC,1,1,1,1
chr19:g.38959747G>A,RYR1,CGA,1,1,1,1
chr19:g.38934893C>T,RYR1,GCG,1,1,1,1
chr19:g.39034005G>A,RYR1,CGG,1,1,1,1
chr19:g.39014568A>T,RYR1,CAG,1,0,0,0
chr19:g.39034184G>A,RYR1,CGA,1,1,1,1
chr19:g.38943512C>T,RYR1,ACG,1,1,1,1
chr19:g.38945940T>A,RYR1,TTG,1,0,0,0
chr19:g.38976405G>C,RYR1,AGG,1,0,0,0
chr19:g.39078032G>A,RYR1,CGT,1,1,1,1
chr19:g.38980006G>A,RYR1,GGC,1,0,1,0
chr19:g.38974044C>T,RYR1,GCC,1,0,1,0
chr19:g.38990454C>T,RYR1,GCG,1,1,1,1
chr19:g.39013699G>A,RYR1,CGC,1,1,1,1
chr19:g.39002230G>A,RYR1,CGC,1,1,1,1
chr19:g.39008208G>A,RYR1,CGG,1,1,1,1
chr19:g.38980881C>T,RYR1,ACG,1,1,1,1
chr19:g.38973979C>T,RYR1,CCG,1,1,1,1
chr19:g.38960079C>T,RYR1,GCG,1,1,1,1
chr19:g.39013867G>A,RYR1,CGC,1,1,1,1
chr19:g.38933001G>A,RYR1,CGA,1,1,1,1
chr19:g.38976756G>A,RYR1,CGA,1,1,1,1
chr19:g.39008205G>A,RYR1,CGC,1,1,1,1
chr19:g.38939048C>A,RYR1,ACT,1,0,0,0
chr18:g.48575093C>A,SMAD4,GCC,1,0,0,0
chr18:g.48591889A>C,SMAD4,GAT,1,0,0,0
chr18:g.48591919G>A,SMAD4,CGC,1,1,1,1
chr18:g.48591892G>T,SMAD4,GGA,1,0,0,0
chr18:g.48591918C>T,SMAD4,TCG,1,1,1,1
chr18:g.48575159C>T,SMAD4,GCG,1,1,1,1
chr18:g.48604787G>C,SMAD4,AGA,1,0,0,0
chr18:g.48604665G>A,SMAD4,CGT,1,1,1,1
chr18:g.48575132T>A,SMAD4,CTA,1,0,0,0
chr18:g.48604703T>G,SMAD4,CTG,1,0,0,0
chr18:g.48591901A>G,SMAD4,GAC,1,0,1,0
chr18:g.48593400G>A,SMAD4,GGC,1,0,1,0
chr18:g.48604785T>C,SMAD4,CTA,1,0,1,0
chr18:g.48604797T>A,SMAD4,CTT,1,0,0,0
chr18:g.48581255A>C,SMAD4,AAG,1,0,0,0
chr18:g.48593532A>C,SMAD4,AAG,1,0,0,0
chr18:g.48604750G>C,SMAD4,GGA,1,0,0,0
chr18:g.48591888G>C,SMAD4,TGA,1,0,0,0
chr18:g.48604785T>A,SMAD4,CTA,1,0,0,0
chr18:g.48575191A>G,SMAD4,GAA,1,0,1,0
chr18:g.48575195C>T,SMAD4,CCA,1,0,1,0
chr18:g.48593537T>G,SMAD4,CTA,1,0,0,0
chr18:g.48591975A>G,SMAD4,AAG,1,0,1,0
chr18:g.48573547T>G,SMAD4,GTA,1,0,0,0
chr18:g.48604755A>T,SMAD4,GAA,1,0,0,0
chr18:g.48604797T>G,SMAD4,CTT,1,0,0,0
chr18:g.48593406G>A,SMAD4,GGT,1,0,1,0
chr18:g.48604687G>T,SMAD4,TGA,1,0,0,0
chr18:g.48575198A>G,SMAD4,TAT,1,0,1,0
chr18:g.48604788A>T,SMAD4,GAC,1,0,0,0
chr18:g.48604750G>T,SMAD4,GGA,1,0,0,0
chr18:g.48591901A>T,SMAD4,GAC,1,0,0,0
chr18:g.48591843G>A,SMAD4,AGG,1,0,1,0
chr18:g.48573532C>G,SMAD4,GCA,1,0,0,0
chr18:g.48581219G>C,SMAD4,TGA,1,0,0,0
chr18:g.48575185T>A,SMAD4,CTG,1,0,0,0
chr18:g.48604769C>T,SMAD4,CCG,1,1,1,1
chr18:g.48593406G>C,SMAD4,GGT,1,0,0,0
chr18:g.48593394A>T,SMAD4,CAC,1,0,0,0
chr18:g.48604773C>A,SMAD4,GCC,1,0,0,0
chr18:g.48591975A>T,SMAD4,AAG,1,0,0,0
chr18:g.48604690T>A,SMAD4,GTT,1,0,0,0
chr18:g.48604748T>C,SMAD4,CTG,1,0,1,0
chr18:g.48575183T>G,SMAD4,GTC,1,0,0,0
chr18:g.48575098C>T,SMAD4,TCT,1,0,1,0
chr18:g.48591918C>G,SMAD4,TCG,1,1,0,0
chr18:g.48593405G>A,SMAD4,AGG,1,0,1,0
chr18:g.48591904C>T,SMAD4,CCT,1,0,1,0
chr18:g.48573585T>G,SMAD4,TTT,1,0,0,0
chr18:g.48573629T>G,SMAD4,GTG,1,0,0,0
chr18:g.48575186G>T,SMAD4,TGT,1,0,0,0
chr18:g.48573586T>C,SMAD4,TTA,1,0,1,0
chr18:g.48591925G>A,SMAD4,TGT,1,0,1,0
chr18:g.48573628G>A,SMAD4,TGT,1,0,1,0
chr18:g.48593405G>T,SMAD4,AGG,1,0,0,0
chr18:g.48603039T>A,SMAD4,ATG,1,0,0,0
chr18:g.48593507C>T,SMAD4,GCG,1,1,1,1
chr18:g.48575192A>G,SMAD4,AAT,1,0,1,0
chr18:g.48593406G>T,SMAD4,GGT,1,0,0,0
chr18:g.48604650G>T,SMAD4,GGT,1,0,0,0
chr18:g.48604701G>T,SMAD4,GGC,1,0,0,0
chr18:g.48593397T>A,SMAD4,ATA,1,0,0,0
chr18:g.48591918C>A,SMAD4,TCG,1,1,0,0
chr18:g.48581173G>T,SMAD4,AGG,1,0,0,0
chr18:g.48575183T>C,SMAD4,GTC,1,0,1,0
chr18:g.48604788A>G,SMAD4,GAC,1,0,1,0
chr18:g.48573657A>G,SMAD4,GAG,1,0,1,0
chr18:g.48593525G>T,SMAD4,TGT,1,0,0,0
chr18:g.48591888G>A,SMAD4,TGA,1,0,1,0
chr18:g.48575109G>T,SMAD4,GGC,1,0,0,0
chr18:g.48575689G>T,SMAD4,AGT,1,0,0,0
chr18:g.48575194C>T,SMAD4,TCC,1,0,1,0
chr18:g.48604707G>A,SMAD4,GGA,1,0,1,0
chr18:g.48604680T>G,SMAD4,CTC,1,0,0,0
chr18:g.48573577T>C,SMAD4,TTG,1,0,1,0
chr18:g.48604655G>C,SMAD4,TGA,1,0,0,0
chr18:g.48575132T>C,SMAD4,CTA,1,0,1,0
chr18:g.48593517G>T,SMAD4,GGA,1,0,0,0
chr18:g.48591895A>G,SMAD4,TAC,1,0,1,0
chr18:g.48575152C>G,SMAD4,TCA,1,0,0,0
chr18:g.48591904C>A,SMAD4,CCT,1,0,0,0
chr18:g.48591889A>G,SMAD4,GAT,1,0,1,0
chr18:g.48575107T>C,SMAD4,GTG,1,0,1,0
chr18:g.48593466C>T,SMAD4,GCG,1,1,1,1
chr18:g.48604653T>G,SMAD4,GTT,1,0,0,0
chr18:g.48573484T>C,SMAD4,TTG,1,0,1,0
chr18:g.48604665G>C,SMAD4,CGT,1,1,0,0
chr18:g.48573628G>T,SMAD4,TGT,1,0,0,0
chr18:g.48591928T>C,SMAD4,TTG,1,0,1,0
chr18:g.48591853T>C,SMAD4,TTT,1,0,1,0
chr18:g.48591886T>G,SMAD4,GTT,1,0,0,0
chr18:g.48604748T>A,SMAD4,CTG,1,0,0,0
chr18:g.48591825G>A,SMAD4,TGA,1,0,1,0
chr18:g.48575132T>G,SMAD4,CTA,1,0,0,0
chr18:g.48604688A>C,SMAD4,GAG,1,0,0,0
chr18:g.48591888G>T,SMAD4,TGA,1,0,0,0
chr18:g.48591925G>T,SMAD4,TGT,1,0,0,0
chr18:g.48575152C>A,SMAD4,TCA,1,0,0,0
chr18:g.48575203T>A,SMAD4,CTA,1,0,0,0
chr18:g.48604739A>C,SMAD4,AAC,1,0,0,0
chr18:g.48604701G>A,SMAD4,GGC,1,0,1,0
chr18:g.48591885G>T,SMAD4,TGT,1,0,0,0
chr18:g.48584546T>A,SMAD4,ATA,1,0,0,0
chr18:g.48604652G>T,SMAD4,TGT,1,0,0,0
chr18:g.48604776T>C,SMAD4,CTC,1,0,1,0
chr18:g.48591931G>A,SMAD4,GGT,1,0,1,0
chr18:g.48575103G>C,SMAD4,GGA,1,0,0,0
chr18:g.48593397T>C,SMAD4,ATA,1,0,1,0
chr18:g.48573556T>C,SMAD4,CTG,1,0,1,0
chr18:g.48604655G>A,SMAD4,TGA,1,0,1,0
chr18:g.48604721A>G,SMAD4,AAG,1,0,1,0
chr18:g.48591916A>T,SMAD4,GAT,1,0,0,0
chr18:g.48604673T>C,SMAD4,ATG,1,0,1,0
chr18:g.48575089T>C,SMAD4,CTA,1,0,1,0
chr18:g.48591976G>C,SMAD4,AGG,1,0,0,0
chr18:g.48575151T>G,SMAD4,GTC,1,0,0,0
chr18:g.48604656A>G,SMAD4,GAT,1,0,1,0
chr18:g.48573587A>C,SMAD4,TAA,1,0,0,0
chr18:g.48604776T>G,SMAD4,CTC,1,0,0,0
chr18:g.48604715T>C,SMAD4,TTA,1,0,1,0
chr18:g.48573556T>G,SMAD4,CTG,1,0,0,0
chr18:g.48591902C>G,SMAD4,ACC,1,0,0,0
chr18:g.48575080C>T,SMAD4,TCA,1,0,1,0
chr18:g.48575101T>G,SMAD4,CTG,1,0,0,0
chr18:g.48604784C>A,SMAD4,CCT,1,0,0,0
chr18:g.48591891G>A,SMAD4,TGG,1,0,1,0
chr18:g.48575191A>C,SMAD4,GAA,1,0,0,0
chr18:g.48604655G>T,SMAD4,TGA,1,0,0,0
chr18:g.48573430C>G,SMAD4,TCT,1,0,0,0
chr18:g.48591882A>C,SMAD4,TAC,1,0,0,0
chr18:g.48575197T>A,SMAD4,ATA,1,0,0,0
chr18:g.48575141T>G,SMAD4,GTT,1,0,0,0
chr18:g.48575161T>C,SMAD4,GTT,1,0,1,0
chr18:g.48591931G>T,SMAD4,GGT,1,0,0,0
chr18:g.48591892G>A,SMAD4,GGA,1,0,1,0
chr18:g.48575200C>T,SMAD4,TCA,1,0,1,0
chr18:g.48591903C>T,SMAD4,CCC,1,0,1,0
chr18:g.48591919G>T,SMAD4,CGC,1,1,0,0
chr18:g.48575087T>G,SMAD4,ATC,1,0,0,0
chr6:g.152539461T>C,SYNE1,GTA,1,0,1,0
chr6:g.152763329C>T,SYNE1,GCG,1,1,1,1
chr6:g.152749494C>T,SYNE1,GCG,1,1,1,1
chr6:g.152614868C>T,SYNE1,GCG,1,1,1,1
chr6:g.152462355G>A,SYNE1,GGT,1,0,1,0
chr6:g.152676008G>A,SYNE1,AGC,1,0,1,0
chr6:g.152738006C>T,SYNE1,GCC,1,0,1,0
chr6:g.152647525C>T,SYNE1,CCG,1,1,1,1
chr6:g.152706910C>T,SYNE1,TCG,1,1,1,1
chr6:g.152749345C>A,SYNE1,GCC,1,0,0,0
chr6:g.152683354C>A,SYNE1,CCT,1,0,0,0
chr6:g.152777048C>A,SYNE1,TCT,1,0,0,0
chr6:g.152652132G>T,SYNE1,AGA,1,0,0,0
chr6:g.152477184G>T,SYNE1,AGG,1,0,0,0
chr6:g.152497616C>A,SYNE1,GCT,1,0,0,0
chr6:g.152577893C>A,SYNE1,GCT,1,0,0,0
chr6:g.152694260G>A,SYNE1,CGC,1,1,1,1
chr6:g.152642447G>T,SYNE1,AGA,1,0,0,0
chr6:g.152457923C>T,SYNE1,GCT,1,0,1,0
chr6:g.152652508T>C,SYNE1,CTG,1,0,1,0
chr6:g.152485435C>T,SYNE1,ACC,1,0,1,0
chr6:g.152629629G>A,SYNE1,TGC,1,0,1,0
chr6:g.152722332C>T,SYNE1,TCC,1,0,1,0
chr6:g.152470620G>A,SYNE1,CGG,1,1,1,1
chr6:g.152631059T>C,SYNE1,CTG,1,0,1,0
chr6:g.152461140C>T,SYNE1,ACG,1,1,1,1
chr6:g.152737582A>G,SYNE1,AAT,1,0,1,0
chr6:g.152473114A>G,SYNE1,GAG,1,0,1,0
chr6:g.152675939T>C,SYNE1,ATT,1,0,1,0
chr6:g.152644680C>T,SYNE1,GCG,1,1,1,1
chr6:g.152658004A>G,SYNE1,AAT,1,0,1,0
chr6:g.152602997G>A,SYNE1,CGC,1,1,1,1
chr6:g.152652431G>C,SYNE1,GGA,1,0,0,0
chr6:g.152831498C>A,SYNE1,ACT,1,0,0,0
chr6:g.152783881C>T,SYNE1,TCT,1,0,1,0
chr6:g.152718081T>G,SYNE1,TTT,1,0,0,0
chr6:g.152605244C>T,SYNE1,TCT,1,0,1,0
chr6:g.152774743C>T,SYNE1,TCG,1,1,1,1
chr6:g.152621822C>A,SYNE1,ACA,1,0,0,0
chr6:g.152738068C>A,SYNE1,ACG,1,1,0,0
chr6:g.152783985T>C,SYNE1,GTA,1,0,1,0
chr6:g.152772264A>G,SYNE1,TAC,1,0,1,0
chr6:g.152457929G>A,SYNE1,CGG,1,1,1,1
chr6:g.152472789G>A,SYNE1,CGC,1,1,1,1
chr6:g.152642497C>T,SYNE1,TCG,1,1,1,1
chr6:g.152763221G>A,SYNE1,CGT,1,1,1,1
chr6:g.152784613T>C,SYNE1,GTA,1,0,1,0
chr6:g.152652268G>A,SYNE1,CGA,1,1,1,1
chr6:g.152776617C>T,SYNE1,GCA,1,0,1,0
chr6:g.152737558C>T,SYNE1,TCG,1,1,1,1
chr6:g.152786573C>A,SYNE1,TCA,1,0,0,0
chr17:g.7578554A>T,TP53,TAC,1,0,0,0
chr17:g.7577120C>T,TP53,ACG,1,1,1,1
chr17:g.7577123A>G,TP53,CAC,1,0,1,0
chr17:g.7577141C>A,TP53,TCC,1,0,0,0
chr17:g.7577547C>T,TP53,GCC,1,0,1,0
chr17:g.7578208T>C,TP53,ATG,1,0,1,0
chr17:g.7578406C>T,TP53,GCG,1,1,1,1
chr17:g.7577090C>G,TP53,GCG,1,1,0,0
chr17:g.7577141C>T,TP53,TCC,1,0,1,0
chr17:g.7577548C>T,TP53,CCG,1,1,1,1
chr17:g.7578190T>C,TP53,ATA,1,0,1,0
chr17:g.7578502A>T,TP53,CAC,1,0,0,0
chr17:g.7577559G>T,TP53,GGA,1,0,0,0
chr17:g.7578260C>T,TP53,ACT,1,0,1,0
chr17:g.7577121G>A,TP53,CGC,1,1,1,1
chr17:g.7577538C>A,TP53,CCG,1,1,0,0
chr17:g.7578395G>A,TP53,TGG,1,0,1,0
chr17:g.7578235T>G,TP53,ATA,1,0,0,0
chr17:g.7577106G>A,TP53,GGA,1,0,1,0
chr17:g.7577538C>T,TP53,CCG,1,1,1,1
chr17:g.7578413C>G,TP53,ACA,1,0,0,0
chr17:g.7578475G>A,TP53,CGG,1,1,1,1
chr17:g.7577568C>T,TP53,ACA,1,0,1,0
chr17:g.7577094G>C,TP53,CGG,1,1,0,0
chr17:g.7577539G>A,TP53,CGG,1,1,1,1
chr17:g.7578235T>A,TP53,ATA,1,0,0,0
chr17:g.7578538T>A,TP53,GTT,1,0,0,0
chr17:g.7578478G>C,TP53,GGG,1,0,0,0
chr17:g.7577505T>A,TP53,GTC,1,0,0,0
chr17:g.7578394T>C,TP53,ATG,1,0,1,0
chr17:g.7577114C>A,TP53,ACA,1,0,0,0
chr17:g.7577544A>C,TP53,CAT,1,0,0,0
chr17:g.7578526C>T,TP53,GCA,1,0,1,0
chr17:g.7578479G>T,TP53,GGT,1,0,0,0
chr17:g.7578550G>A,TP53,GGA,1,0,1,0
chr17:g.7579358C>A,TP53,ACG,1,1,0,0
chr17:g.7577517A>G,TP53,GAT,1,0,1,0
chr17:g.7578206T>C,TP53,CTA,1,0,1,0
chr17:g.7577547C>A,TP53,GCC,1,0,0,0
chr17:g.7577520A>C,TP53,GAT,1,0,0,0
chr17:g.7577559G>A,TP53,GGA,1,0,1,0
chr17:g.7577094G>A,TP53,CGG,1,1,1,1
chr17:g.7577532G>A,TP53,GGG,1,0,1,0
chr17:g.7574018G>A,TP53,CGC,1,1,1,1
chr17:g.7577118C>A,TP53,ACA,1,0,0,0
chr17:g.7578268A>T,TP53,AAG,1,0,0,0
chr17:g.7578469C>A,TP53,GCC,1,0,0,0
chr17:g.7577566T>C,TP53,TTA,1,0,1,0
chr17:g.7578416C>A,TP53,ACC,1,0,0,0
chr17:g.7578268A>C,TP53,AAG,1,0,0,0
chr17:g.7578451A>G,TP53,CAT,1,0,1,0
chr17:g.7577114C>T,TP53,ACA,1,0,1,0
chr17:g.7578479G>A,TP53,GGT,1,0,1,0
chr17:g.7578442T>C,TP53,GTA,1,0,1,0
chr17:g.7578266T>A,TP53,ATA,1,0,0,0
chr17:g.7578262C>G,TP53,TCG,1,1,0,0
chr17:g.7578271T>A,TP53,ATG,1,0,0,0
chr17:g.7577570C>T,TP53,ACA,1,0,1,0
chr17:g.7578445A>T,TP53,GAT,1,0,0,0
chr17:g.7577124C>T,TP53,ACC,1,0,1,0
chr17:g.7578413C>T,TP53,ACA,1,0,1,0
chr17:g.7578235T>C,TP53,ATA,1,0,1,0
chr17:g.7577574T>C,TP53,GTA,1,0,1,0
chr17:g.7578403C>G,TP53,GCA,1,0,0,0
chr17:g.7578388C>T,TP53,GCG,1,1,1,1
chr17:g.7578551A>T,TP53,GAG,1,0,0,0
chr17:g.7578461C>A,TP53,ACG,1,1,0,0
chr17:g.7578410T>A,TP53,CTC,1,0,0,0
chr17:g.7577535C>A,TP53,CCT,1,0,0,0
chr17:g.7578553T>C,TP53,GTA,1,0,1,0
chr17:g.7578427T>C,TP53,GTG,1,0,1,0
chr17:g.7578272G>A,TP53,TGC,1,0,1,0
chr17:g.7577548C>A,TP53,CCG,1,1,0,0
chr17:g.7578404A>C,TP53,CAG,1,0,0,0
chr17:g.7579358C>G,TP53,ACG,1,1,0,0
chr17:g.7577105G>C,TP53,AGG,1,0,0,0
chr17:g.7578217G>A,TP53,AGT,1,0,1,0
chr17:g.7578535T>C,TP53,CTT,1,0,1,0
chr17:g.7577123A>C,TP53,CAC,1,0,0,0
chr17:g.7578535T>G,TP53,CTT,1,0,0,0
chr17:g.7578454G>A,TP53,GGC,1,0,1,0
chr17:g.7578529A>C,TP53,AAA,1,0,0,0
chr17:g.7577142C>T,TP53,CCC,1,0,1,0
chr17:g.7578496A>G,TP53,CAG,1,0,1,0
chr17:g.7578407G>C,TP53,CGC,1,1,0,0
chr17:g.7577534C>A,TP53,GCC,1,0,0,0
chr17:g.7578478G>T,TP53,GGG,1,0,0,0
chr17:g.7578403C>T,TP53,GCA,1,0,1,0
chr17:g.7578203C>T,TP53,ACA,1,0,1,0
chr17:g.7578532A>C,TP53,CAT,1,0,0,0
chr17:g.7577534C>G,TP53,GCC,1,0,0,0
chr17:g.7577547C>G,TP53,GCC,1,0,0,0
chr17:g.7578536T>G,TP53,TTG,1,0,0,0
chr17:g.7577580T>C,TP53,GTA,1,0,1,0
chr17:g.7577557A>C,TP53,CAG,1,0,0,0
chr17:g.7578205C>T,TP53,ACT,1,0,1,0
chr17:g.7577517A>T,TP53,GAT,1,0,0,0
chr17:g.7578507G>C,TP53,GGC,1,0,0,0
chr17:g.7578265A>G,TP53,GAT,1,0,1,0
chr17:g.7577105G>T,TP53,AGG,1,0,0,0
chr17:g.7578191A>C,TP53,TAG,1,0,0,0
chr17:g.7577085C>T,TP53,TCT,1,0,1,0
chr17:g.7578273C>A,TP53,GCT,1,0,0,0
chr17:g.7578191A>T,TP53,TAG,1,0,0,0
chr17:g.7577556C>G,TP53,GCA,1,0,0,0
chr17:g.7577124C>A,TP53,ACC,1,0,0,0
chr17:g.7579350A>T,TP53,AAG,1,0,0,0
chr17:g.7578280G>A,TP53,AGG,1,0,1,0
chr17:g.7578542G>A,TP53,AGG,1,0,1,0
chr17:g.7579369G>C,TP53,AGC,1,0,0,0
chr17:g.7577565T>C,TP53,GTT,1,0,1,0
chr17:g.7577557A>G,TP53,CAG,1,0,1,0
chr17:g.7574017C>A,TP53,GCG,1,1,0,0
chr17:g.7578211C>A,TP53,TCG,1,1,0,0
chr17:g.7579472G>C,TP53,GGG,1,0,0,0
chr17:g.7577120C>A,TP53,ACG,1,1,0,0
chr17:g.7577506C>A,TP53,TCT,1,0,0,0
chr17:g.7577556C>A,TP53,GCA,1,0,0,0
chr17:g.7577575A>T,TP53,TAG,1,0,0,0
chr17:g.7577550C>A,TP53,GCC,1,0,0,0
chr17:g.7577570C>A,TP53,ACA,1,0,0,0
chr17:g.7577561A>C,TP53,AAC,1,0,0,0
chr17:g.7578269G>A,TP53,AGA,1,0,1,0
chr17:g.7578205C>A,TP53,ACT,1,0,0,0
chr17:g.7577100T>C,TP53,CTC,1,0,1,0
chr17:g.7578236A>C,TP53,TAC,1,0,0,0
chr17:g.7578554A>C,TP53,TAC,1,0,0,0
chr17:g.7578393A>C,TP53,CAT,1,0,0,0
chr17:g.7578403C>A,TP53,GCA,1,0,0,0
chr17:g.7577097C>G,TP53,TCT,1,0,0,0
chr17:g.7576853C>A,TP53,CCT,1,0,0,0
chr17:g.7577153C>A,TP53,ACC,1,0,0,0
chr17:g.7577130A>G,TP53,AAG,1,0,1,0
chr17:g.7578466G>T,TP53,GGT,1,0,0,0
chr17:g.7577117A>C,TP53,AAC,1,0,0,0
chr17:g.7577560A>G,TP53,GAA,1,0,1,0
chr17:g.7577082C>T,TP53,TCC,1,0,1,0
chr17:g.7578454G>T,TP53,GGC,1,0,0,0
chr17:g.7578388C>G,TP53,GCG,1,1,0,0
chr17:g.7577099C>A,TP53,TCT,1,0,0,0
chr17:g.7578542G>C,TP53,AGG,1,0,0,0
chr17:g.7578211C>T,TP53,TCG,1,1,1,1
chr17:g.7577586A>C,TP53,GAT,1,0,0,0
chr17:g.7578404A>T,TP53,CAG,1,0,0,0
chr17:g.7578177C>G,TP53,CCT,1,0,0,0
chr17:g.7577514G>A,TP53,TGT,1,0,1,0
chr17:g.7578455C>G,TP53,GCG,1,1,0,0
chr17:g.7578253C>A,TP53,TCC,1,0,0,0
chr17:g.7577575A>G,TP53,TAG,1,0,1,0
chr17:g.7578413C>A,TP53,ACA,1,0,0,0
chr17:g.7578271T>C,TP53,ATG,1,0,1,0
chr17:g.7577097C>T,TP53,TCT,1,0,1,0
chr17:g.7578177C>A,TP53,CCT,1,0,0,0
chr17:g.7578524G>C,TP53,TGG,1,0,0,0
chr17:g.7577097C>A,TP53,TCT,1,0,0,0
chr17:g.7573984A>C,TP53,CAA,1,0,0,0
chr17:g.7577581A>T,TP53,TAG,1,0,0,0
chr17:g.7577575A>C,TP53,TAG,1,0,0,0
chr17:g.7577507T>A,TP53,CTT,1,0,0,0
chr17:g.7572986G>T,TP53,TGA,1,0,0,0
chr17:g.7578395G>C,TP53,TGG,1,0,0,0
chr17:g.7578534C>A,TP53,TCT,1,0,0,0
chr17:g.7578281G>T,TP53,GGG,1,0,0,0
chr17:g.7578191A>G,TP53,TAG,1,0,1,0
chr17:g.7578448G>T,TP53,GGC,1,0,0,0
chr17:g.7577127C>T,TP53,TCA,1,0,1,0
chr17:g.7578553T>G,TP53,GTA,1,0,0,0
chr17:g.7578535T>A,TP53,CTT,1,0,0,0
chr17:g.7577124C>G,TP53,ACC,1,0,0,0
chr17:g.7578530A>T,TP53,AAC,1,0,0,0
chr17:g.7577509C>T,TP53,TCC,1,0,1,0
chr17:g.7573996A>T,TP53,CAG,1,0,0,0
chr17:g.7578530A>G,TP53,AAC,1,0,1,0
chr17:g.7577530T>A,TP53,ATG,1,0,0,0
chr17:g.7577568C>A,TP53,ACA,1,0,0,0
chr17:g.7577544A>G,TP53,CAT,1,0,1,0
chr17:g.7578412A>C,TP53,CAC,1,0,0,0
chr17:g.7577130A>C,TP53,AAG,1,0,0,0
chr17:g.7577559G>C,TP53,GGA,1,0,0,0
chr17:g.7577106G>C,TP53,GGA,1,0,0,0
chr17:g.7578204A>C,TP53,CAC,1,0,0,0
chr17:g.7578508C>T,TP53,GCA,1,0,1,0
chr17:g.7578475G>C,TP53,CGG,1,1,0,0
chr17:g.7577117A>T,TP53,AAC,1,0,0,0
chr17:g.7578286A>T,TP53,CAG,1,0,0,0
chr17:g.7578202A>C,TP53,CAC,1,0,0,0
chr17:g.7577518T>A,TP53,ATG,1,0,0,0
chr17:g.7578541A>C,TP53,GAG,1,0,0,0
chr17:g.7578449C>T,TP53,GCC,1,0,1,0
chr17:g.7577536T>A,TP53,CTC,1,0,0,0
chr17:g.7577509C>G,TP53,TCC,1,0,0,0
chr17:g.7577118C>G,TP53,ACA,1,0,0,0
chr17:g.7577144A>G,TP53,CAG,1,0,1,0
chr17:g.7578415A>T,TP53,AAC,1,0,0,0
chr17:g.7578203C>A,TP53,ACA,1,0,0,0
chr17:g.7577105G>A,TP53,AGG,1,0,1,0
chr17:g.7577126T>A,TP53,CTC,1,0,0,0
chr17:g.7578509A>C,TP53,CAG,1,0,0,0
chr17:g.7579350A>C,TP53,AAG,1,0,0,0
chr17:g.7578490A>C,TP53,AAC,1,0,0,0
chr17:g.7577515T>G,TP53,GTG,1,0,0,0
chr17:g.7578518C>G,TP53,GCC,1,0,0,0
chr17:g.7577569A>C,TP53,CAC,1,0,0,0
chr17:g.7578236A>G,TP53,TAC,1,0,1,0
chr17:g.7578541A>G,TP53,GAG,1,0,1,0
chr17:g.7579361A>G,TP53,GAA,1,0,1,0
chr17:g.7578523T>G,TP53,TTG,1,0,0,0
chr17:g.7577129A>C,TP53,AAA,1,0,0,0
chr17:g.7578503C>T,TP53,ACA,1,0,1,0
chr17:g.7578530A>C,TP53,AAC,1,0,0,0
chr17:g.7578550G>T,TP53,GGA,1,0,0,0
chr17:g.7579355A>C,TP53,CAG,1,0,0,0
chr17:g.7578427T>G,TP53,GTG,1,0,0,0
chr17:g.7577587T>A,TP53,ATG,1,0,0,0
chr17:g.7578265A>C,TP53,GAT,1,0,0,0
chr17:g.7578395G>T,TP53,TGG,1,0,0,0
chr17:g.7578460A>C,TP53,GAC,1,0,0,0
chr17:g.7577121G>T,TP53,CGC,1,1,0,0
chr17:g.7577508T>C,TP53,TTC,1,0,1,0
chr17:g.7578401G>A,TP53,GGG,1,0,1,0
chr17:g.7578427T>A,TP53,GTG,1,0,0,0
chr17:g.7579313G>A,TP53,CGT,1,1,1,1
chr17:g.7578526C>A,TP53,GCA,1,0,0,0
chr17:g.7577114C>G,TP53,ACA,1,0,0,0
chr17:g.7578496A>T,TP53,CAG,1,0,0,0
chr17:g.7578539T>A,TP53,TTG,1,0,0,0
chr17:g.7578551A>G,TP53,GAG,1,0,1,0
chr17:g.7577556C>T,TP53,GCA,1,0,1,0
chr17:g.7578392C>T,TP53,TCA,1,0,1,0
chr17:g.7578402G>C,TP53,GGC,1,0,0,0
chr17:g.7578455C>T,TP53,GCG,1,1,1,1
chr17:g.7578196A>T,TP53,CAC,1,0,0,0
chr17:g.7579362A>C,TP53,AAA,1,0,0,0
chr17:g.7577511A>T,TP53,CAG,1,0,0,0
chr17:g.7578457C>G,TP53,GCG,1,1,0,0
chr17:g.7578479G>C,TP53,GGT,1,0,0,0
chr17:g.7577129A>G,TP53,AAA,1,0,1,0
chr17:g.7577526A>G,TP53,GAG,1,0,1,0
chr17:g.7577099C>G,TP53,TCT,1,0,0,0
chr17:g.7578418T>C,TP53,CTC,1,0,1,0
chr17:g.7577520A>T,TP53,GAT,1,0,0,0
chr17:g.7578528A>C,TP53,AAA,1,0,0,0
chr17:g.7578404A>G,TP53,CAG,1,0,1,0
chr17:g.7578190T>G,TP53,ATA,1,0,0,0
chr17:g.7578509A>G,TP53,CAG,1,0,1,0
chr17:g.7578520A>T,TP53,CAG,1,0,0,0
chr17:g.7578467T>G,TP53,GTG,1,0,0,0
chr17:g.7578534C>G,TP53,TCT,1,0,0,0
chr17:g.7578269G>C,TP53,AGA,1,0,0,0
chr17:g.7577128A>T,TP53,CAA,1,0,0,0
chr17:g.7577568C>G,TP53,ACA,1,0,0,0
chr17:g.7577539G>C,TP53,CGG,1,1,0,0
chr17:g.7579359G>A,TP53,CGG,1,1,1,1
chr17:g.7577570C>G,TP53,ACA,1,0,0,0
chr17:g.7578517G>A,TP53,GGC,1,0,1,0
chr17:g.7578397T>G,TP53,GTG,1,0,0,0
chr17:g.7578280G>C,TP53,AGG,1,0,0,0
chr17:g.7578496A>C,TP53,CAG,1,0,0,0
chr17:g.7577545T>C,TP53,ATG,1,0,1,0
chr17:g.7578265A>T,TP53,GAT,1,0,0,0
chr17:g.7577561A>T,TP53,AAC,1,0,0,0
chr17:g.7577567A>C,TP53,TAC,1,0,0,0
chr17:g.7578502A>G,TP53,CAC,1,0,1,0
chr17:g.7577551C>T,TP53,CCC,1,0,1,0
chr17:g.7578394T>A,TP53,ATG,1,0,0,0
chr17:g.7577511A>G,TP53,CAG,1,0,1,0
chr17:g.7577601G>A,TP53,AGA,1,0,1,0
chr17:g.7577123A>T,TP53,CAC,1,0,0,0
chr17:g.7577581A>G,TP53,TAG,1,0,1,0
chr17:g.7578536T>C,TP53,TTG,1,0,1,0
chr17:g.7577569A>G,TP53,CAC,1,0,1,0
chr17:g.7579374C>A,TP53,CCC,1,0,0,0
chr17:g.7577138C>T,TP53,CCG,1,1,1,1
chr17:g.7578554A>G,TP53,TAC,1,0,1,0
chr17:g.7579328T>C,TP53,CTT,1,0,1,0
chr17:g.7577535C>G,TP53,CCT,1,0,0,0
chr17:g.7577511A>C,TP53,CAG,1,0,0,0
chr17:g.7577106G>T,TP53,GGA,1,0,0,0
chr17:g.7578461C>T,TP53,ACG,1,1,1,1
chr17:g.7577148G>C,TP53,AGA,1,0,0,0
chr17:g.7577544A>T,TP53,CAT,1,0,0,0
chr17:g.7578532A>G,TP53,CAT,1,0,1,0
chr17:g.7577569A>T,TP53,CAC,1,0,0,0
chr17:g.7578532A>T,TP53,CAT,1,0,0,0
chr17:g.7578541A>T,TP53,GAG,1,0,0,0
chr17:g.7579349A>C,TP53,GAA,1,0,0,0
chr17:g.7577536T>C,TP53,CTC,1,0,1,0
chr17:g.7577138C>G,TP53,CCG,1,1,0,0
chr17:g.7578527A>G,TP53,CAA,1,0,1,0
chr17:g.7578242C>T,TP53,ACA,1,0,1,0
chr17:g.7577096T>C,TP53,GTC,1,0,1,0
chr17:g.7577551C>A,TP53,CCC,1,0,0,0
chr17:g.7578525G>C,TP53,GGC,1,0,0,0
chr17:g.7579313G>T,TP53,CGT,1,1,0,0
chr17:g.7579327C>G,TP53,ACT,1,0,0,0
chr17:g.7578400G>C,TP53,GGG,1,0,0,0
chr17:g.7578457C>T,TP53,GCG,1,1,1,1
chr17:g.7577555G>C,TP53,TGC,1,0,0,0
chr17:g.7579361A>C,TP53,GAA,1,0,0,0
chr17:g.7579419A>T,TP53,GAG,1,0,0,0
chr2:g.179455980C>T,TTN,CCG,1,1,1,1
chr2:g.179431867C>T,TTN,TCG,1,1,1,1
chr2:g.179640850G>A,TTN,CGC,1,1,1,1
chr2:g.179638079C>T,TTN,CCT,1,0,1,0
chr2:g.179655562T>C,TTN,TTC,1,0,1,0
chr2:g.179413171C>T,TTN,ACG,1,1,1,1
chr2:g.179444687G>A,TTN,CGA,1,1,1,1
chr2:g.179436797G>A,TTN,CGG,1,1,1,1
chr2:g.179643640G>A,TTN,CGG,1,1,1,1
chr2:g.179604915C>T,TTN,ACG,1,1,1,1
chr2:g.179569435C>T,TTN,TCA,1,0,1,0
chr2:g.179569272C>T,TTN,ACC,1,0,1,0
chr2:g.179599224G>C,TTN,TGA,1,0,0,0
chr2:g.179546424G>A,TTN,GGT,1,0,1,0
chr2:g.179476557G>A,TTN,CGA,1,1,1,1
chr2:g.179583694G>T,TTN,TGG,1,0,0,0
chr2:g.179464316C>A,TTN,TCC,1,0,0,0
chr2:g.179429212C>T,TTN,GCG,1,1,1,1
chr2:g.179462653C>T,TTN,TCA,1,0,1,0
chr2:g.179433683C>T,TTN,CCA,1,0,1,0
chr2:g.179481272A>C,TTN,CAT,1,0,0,0
chr2:g.179417271G>A,TTN,TGG,1,0,1,0
chr2:g.179507020C>T,TTN,GCG,1,1,1,1
chr2:g.179497134C>A,TTN,CCG,1,1,0,0
chr2:g.179403534G>A,TTN,AGA,1,0,1,0
chr2:g.179433938G>A,TTN,CGT,1,1,1,1
chr2:g.179481716G>A,TTN,TGC,1,0,1,0
chr2:g.179457732C>T,TTN,ACG,1,1,1,1
chr2:g.179411070G>T,TTN,AGA,1,0,0,0
chr2:g.179462481T>A,TTN,ATC,1,0,0,0
chr2:g.179654143T>C,TTN,CTC,1,0,1,0
chr2:g.179547466G>A,TTN,CGC,1,1,1,1
chr2:g.179466617C>T,TTN,TCT,1,0,1,0
chr2:g.179393838G>T,TTN,AGA,1,0,0,0
chr2:g.179640548C>T,TTN,GCG,1,1,1,1
chr2:g.179485295G>A,TTN,AGA,1,0,1,0
chr2:g.179577471C>T,TTN,GCT,1,0,1,0
chr2:g.179444459C>T,TTN,TCA,1,0,1,0
chr2:g.179430453C>A,TTN,TCT,1,0,0,0
chr2:g.179474468C>T,TTN,GCG,1,1,1,1
chr2:g.179474270C>A,TTN,GCT,1,0,0,0
chr2:g.179433050C>T,TTN,ACT,1,0,1,0
chr2:g.179584922G>A,TTN,GGC,1,0,1,0
chr2:g.179419672C>T,TTN,GCG,1,1,1,1
chr2:g.179396193C>A,TTN,TCT,1,0,0,0
chr2:g.179419371T>C,TTN,GTG,1,0,1,0
chr2:g.179469867C>T,TTN,GCA,1,0,1,0
chr2:g.179589098T>C,TTN,ATT,1,0,1,0
chr2:g.179456819C>T,TTN,GCG,1,1,1,1
chr2:g.179422791G>A,TTN,AGC,1,0,1,0
chr2:g.179598068G>T,TTN,AGC,1,0,0,0
chr2:g.179569378G>T,TTN,AGT,1,0,0,0
chr2:g.179396844G>A,TTN,CGC,1,1,1,1
chr2:g.179593619T>G,TTN,CTT,1,0,0,0
chr2:g.179407472G>T,TTN,AGT,1,0,0,0
chr2:g.179478614C>T,TTN,GCG,1,1,1,1
chr2:g.179412905G>A,TTN,AGC,1,0,1,0
chr2:g.179598373C>T,TTN,GCT,1,0,1,0
chr2:g.179575601G>T,TTN,AGC,1,0,0,0
chr2:g.179638990C>A,TTN,TCC,1,0,0,0
chr2:g.179418655G>A,TTN,AGC,1,0,1,0
chr2:g.179606156G>T,TTN,AGG,1,0,0,0
chr2:g.179500957G>A,TTN,CGC,1,1,1,1
chr2:g.179463744C>T,TTN,ACG,1,1,1,1
chr2:g.179631200C>T,TTN,TCG,1,1,1,1
chr2:g.179638314C>T,TTN,ACG,1,1,1,1
chr2:g.179436286A>T,TTN,AAT,1,0,0,0
chr2:g.179641336C>T,TTN,ACG,1,1,1,1
chr2:g.179597812C>T,TTN,GCG,1,1,1,1
chr2:g.179483095C>T,TTN,ACG,1,1,1,1
chr2:g.179466769G>A,TTN,TGA,1,0,1,0
chr2:g.179583118C>T,TTN,GCA,1,0,1,0
chr2:g.179440550C>T,TTN,CCT,1,0,1,0
chr2:g.179436314G>A,TTN,CGT,1,1,1,1
chr2:g.179444000T>G,TTN,TTT,1,0,0,0
chr2:g.179482586A>T,TTN,GAA,1,0,0,0
chr2:g.179641393G>A,TTN,CGT,1,1,1,1
chr2:g.179587142G>T,TTN,AGT,1,0,0,0
chr2:g.179571595C>T,TTN,ACG,1,1,1,1
chr2:g.179458160G>T,TTN,GGT,1,0,0,0
chr2:g.179639041C>T,TTN,ACG,1,1,1,1
chr2:g.179659787C>A,TTN,TCT,1,0,0,0
chr2:g.179531614T>C,TTN,TTG,1,0,1,0
chr2:g.179480424C>A,TTN,ACA,1,0,0,0
chr2:g.179414784C>T,TTN,ACG,1,1,1,1
chr2:g.179427926G>A,TTN,CGG,1,1,1,1
chr2:g.179635237A>G,TTN,AAT,1,0,1,0
chr2:g.179583552G>T,TTN,TGT,1,0,0,0
chr2:g.179396259G>A,TTN,CGT,1,1,1,1
chr2:g.179588831T>A,TTN,ATT,1,0,0,0
chr2:g.179590323G>T,TTN,GGC,1,0,0,0
chr2:g.179512189G>C,TTN,GGC,1,0,0,0
chr2:g.179582780A>G,TTN,AAC,1,0,1,0
chr2:g.179606085A>T,TTN,TAC,1,0,0,0
chr2:g.179641009C>T,TTN,GCG,1,1,1,1
chr2:g.179580340C>T,TTN,ACG,1,1,1,1
chr2:g.179597614C>T,TTN,TCG,1,1,1,1
chr2:g.179439280C>T,TTN,TCC,1,0,1,0
chr2:g.179528235C>T,TTN,GCC,1,0,1,0
chr2:g.179593077T>G,TTN,TTA,1,0,0,0
chr2:g.179597377T>A,TTN,CTC,1,0,0,0
chr2:g.179537401G>T,TTN,GGT,1,0,0,0
chr2:g.179415859G>A,TTN,CGT,1,1,1,1
chr2:g.179526543G>T,TTN,AGG,1,0,0,0
chr2:g.179422208G>T,TTN,GGT,1,0,0,0
chr2:g.179397705C>T,TTN,GCG,1,1,1,1
chr2:g.179666930C>T,TTN,TCG,1,1,1,1
chr2:g.179402347A>G,TTN,GAA,1,0,1,0
chr2:g.179440678G>A,TTN,CGT,1,1,1,1
chr2:g.179596527A>C,TTN,AAC,1,0,0,0
chr2:g.179534361G>A,TTN,CGA,1,1,1,1
chr2:g.179501145G>C,TTN,CGT,1,1,0,0
chr2:g.179584025C>T,TTN,ACA,1,0,1,0
chr2:g.179631291C>T,TTN,TCG,1,1,1,1
chr2:g.179406191C>T,TTN,GCG,1,1,1,1
chr2:g.179401742C>T,TTN,CCG,1,1,1,1
chr2:g.179590695G>A,TTN,CGA,1,1,1,1
chr2:g.179396680T>C,TTN,CTG,1,0,1,0
chr2:g.179486304G>A,TTN,CGT,1,1,1,1
chr2:g.179589260C>A,TTN,GCG,1,1,0,0
chr2:g.179598076A>G,TTN,AAC,1,0,1,0
chr2:g.179452782G>A,TTN,CGT,1,1,1,1
chr2:g.179397561C>T,TTN,GCG,1,1,1,1
chr2:g.179545859C>T,TTN,ACG,1,1,1,1
chr2:g.179638837G>A,TTN,GGC,1,0,1,0
chr2:g.179644025C>A,TTN,TCT,1,0,0,0
chr2:g.179449131G>A,TTN,TGA,1,0,1,0
chr2:g.179456401G>A,TTN,CGG,1,1,1,1
chr2:g.179536889G>A,TTN,CGG,1,1,1,1
chr2:g.179593291C>A,TTN,ACT,1,0,0,0
chr2:g.179621357C>A,TTN,ACA,1,0,0,0
chr2:g.179449548C>G,TTN,CCA,1,0,0,0
chr2:g.179629529G>A,TTN,CGG,1,1,1,1
chr2:g.179473153C>T,TTN,ACT,1,0,1,0
chr2:g.179604575A>T,TTN,AAC,1,0,0,0
chr2:g.179649066C>T,TTN,CCG,1,1,1,1
chr2:g.179507003G>A,TTN,CGT,1,1,1,1
chr2:g.179594293T>C,TTN,TTC,1,0,1,0
chr2:g.179435849G>A,TTN,CGA,1,1,1,1
chr2:g.179437822T>C,TTN,TTT,1,0,1,0
chr2:g.179452805G>A,TTN,CGC,1,1,1,1
chr2:g.179638673G>T,TTN,TGT,1,0,0,0
chr2:g.179424832A>C,TTN,CAG,1,0,0,0
chr2:g.179598203T>C,TTN,GTC,1,0,1,0
chr2:g.179453957G>A,TTN,AGT,1,0,1,0
chr2:g.179583291C>T,TTN,ACT,1,0,1,0
chr2:g.179398256T>A,TTN,GTC,1,0,0,0
chr2:g.179499996C>T,TTN,ACG,1,1,1,1
chr1:g.215960150C>T,USH2A,TCA,1,0,1,0
chr1:g.216498693T>C,USH2A,ATT,1,0,1,0
chr1:g.216495296C>T,USH2A,TCG,1,1,1,1
chr1:g.216061988T>C,USH2A,TTC,1,0,1,0
chr1:g.216496975C>T,USH2A,ACG,1,1,1,1
chr1:g.215812508G>A,USH2A,AGA,1,0,1,0
chr1:g.216595582A>G,USH2A,GAC,1,0,1,0
chr1:g.216258214T>G,USH2A,ATT,1,0,0,0
chr1:g.215960182G>A,USH2A,AGA,1,0,1,0
chr1:g.216243446T>C,USH2A,GTG,1,0,1,0
chr1:g.216011418C>T,USH2A,ACG,1,1,1,1
chr1:g.215820899G>T,USH2A,AGC,1,0,0,0
chr1:g.216424250A>C,USH2A,AAC,1,0,0,0
chr1:g.216256823T>G,USH2A,GTT,1,0,0,0
chr1:g.216040414C>A,USH2A,TCT,1,0,0,0
chr1:g.215848163G>A,USH2A,AGA,1,0,1,0
chr1:g.216062136T>A,USH2A,GTC,1,0,0,0
chr1:g.215987140C>T,USH2A,TCG,1,1,1,1
chr1:g.216017727T>C,USH2A,ATA,1,0,1,0
chr1:g.216073506G>A,USH2A,CGG,1,1,1,1
chr1:g.216591942G>A,USH2A,CGA,1,1,1,1
chr1:g.216138751C>T,USH2A,CCG,1,1,1,1
chr1:g.216373277G>T,USH2A,GGT,1,0,0,0
chr1:g.216348696G>C,USH2A,AGA,1,0,0,0
chr1:g.216258088C>T,USH2A,TCC,1,0,1,0
chr1:g.215844624C>T,USH2A,TCG,1,1,1,1
chr1:g.215821055T>C,USH2A,GTG,1,0,1,0
chr1:g.216373005G>A,USH2A,AGT,1,0,1,0
chr1:g.215990415T>G,USH2A,ATC,1,0,0,0
chr1:g.216172380A>G,USH2A,TAT,1,0,1,0
chr1:g.216221939C>A,USH2A,GCA,1,0,0,0
