hgvs,gene,group,n_pat,am,revel,cadd,clinvar,protein
chr12:g.25368383T>G,KRAS,panel,1,0.1,0.09,17.09,,I188L
chr12:g.25378558T>C,KRAS,panel,1,0.2994,0.686,24.6,P/LP,K147R
chr12:g.25378561G>A,KRAS,panel,1,0.9942,0.89,33.0,P/LP,A146V
chr12:g.25378562C>G,KRAS,panel,1,0.9972,0.935,33.0,P/LP,A146P
chr12:g.25378562C>T,KRAS,panel,1,0.9919,0.909,34.0,P/LP,A146T
chr12:g.25378571C>T,KRAS,panel,1,0.9849,0.883,34.0,,E143K
chr12:g.25378639A>G,KRAS,panel,1,0.9864,0.948,28.5,,L120S
chr12:g.25380262C>A,KRAS,panel,1,0.8301,0.521,25.1,other,A66S
chr12:g.25380264C>T,KRAS,panel,1,0.9488,0.456,29.1,,S65N
chr12:g.25380275T>A,KRAS,panel,28,0.9985,0.647,23.5,P/LP,Q61H
chr12:g.25380275T>G,KRAS,panel,117,0.9985,0.644,23.5,P/LP,Q61H
chr12:g.25380276T>A,KRAS,panel,8,0.9808,0.885,28.7,P/LP,Q61L
chr12:g.25380276T>C,KRAS,panel,47,0.9891,0.799,23.2,P/LP,Q61R
chr12:g.25380277G>T,KRAS,panel,3,0.9853,0.63,24.0,P/LP,Q61K
chr12:g.25380320A>C,KRAS,panel,1,0.8778,0.632,24.2,,I46M
chr12:g.25380328C>G,KRAS,panel,1,0.9431,0.494,23.2,,V44L
chr12:g.25398235A>C,KRAS,panel,1,0.9999,0.897,27.7,,F28L
chr12:g.25398252G>C,KRAS,panel,1,0.8571,0.679,26.6,,L23V
chr12:g.25398262C>A,KRAS,panel,1,0.9857,0.797,27.8,P/LP,L19F
chr12:g.25398266G>A,KRAS,panel,1,0.9951,0.84,32.0,P/LP,A18V
chr12:g.25398281C>T,KRAS,panel,12,0.9989,0.832,28.8,P/LP,G13D
chr12:g.25398282C>A,KRAS,panel,2,0.9955,0.868,33.0,P/LP,G13C
chr12:g.25398282C>G,KRAS,panel,1,0.9986,0.891,31.0,P/LP,G13R
chr12:g.25398284C>A,KRAS,panel,964,0.9966,0.91,29.9,P/LP,G12V
chr12:g.25398284C>G,KRAS,panel,13,0.9745,0.841,27.2,P/LP,G12A
chr12:g.25398284C>T,KRAS,panel,1211,0.999,0.875,25.3,P/LP,G12D
chr12:g.25398285C>A,KRAS,panel,40,0.9985,0.853,33.0,P/LP,G12C
chr12:g.25398285C>G,KRAS,panel,489,0.9985,0.821,25.0,P/LP,G12R
chr12:g.25398285C>T,KRAS,panel,7,0.9915,0.79,31.0,P/LP,G12S
chr12:g.25398288C>T,KRAS,panel,1,0.8301,0.391,23.0,,A11T
chr17:g.7572986G>T,TP53,panel,1,0.0857,0.339,11.17,B/LB,Q375K
chr17:g.7573984A>C,TP53,panel,1,0.5555,0.926,28.6,,L348W
chr17:g.7573996A>T,TP53,panel,1,0.9738,0.813,27.7,,L344Q
chr17:g.7574017C>A,TP53,panel,3,0.9411,0.765,28.5,P/LP,R337L
chr17:g.7574018G>A,TP53,panel,7,0.8076,0.715,22.4,P/LP,R337C
chr17:g.7576853C>A,TP53,panel,1,0.4011,0.582,23.1,other,Q331H
chr17:g.7577082C>T,TP53,panel,5,0.9586,0.949,33.0,P/LP,E286K
chr17:g.7577085C>T,TP53,panel,9,0.9751,0.91,34.0,P/LP,E285K
chr17:g.7577090C>G,TP53,panel,1,0.9936,0.804,29.6,other,R283P
chr17:g.7577094G>A,TP53,panel,74,0.9469,0.896,33.0,P/LP,R282W
chr17:g.7577094G>C,TP53,panel,1,0.9885,0.863,24.2,P/LP,R282G
chr17:g.7577096T>C,TP53,panel,1,0.9995,0.974,31.0,P/LP,D281G
chr17:g.7577097C>A,TP53,panel,3,0.9959,0.957,34.0,P/LP,D281Y
chr17:g.7577097C>G,TP53,panel,1,0.9994,0.961,27.6,P/LP,D281H
chr17:g.7577097C>T,TP53,panel,3,0.9988,0.943,35.0,P/LP,D281N
chr17:g.7577099C>A,TP53,panel,3,0.9996,0.942,35.0,P/LP,R280I
chr17:g.7577099C>G,TP53,panel,3,0.9997,0.94,33.0,P/LP,R280T
chr17:g.7577100T>C,TP53,panel,5,0.9989,0.924,28.6,P/LP,R280G
chr17:g.7577105G>A,TP53,panel,5,0.9972,0.94,32.0,P/LP,P278L
chr17:g.7577105G>C,TP53,panel,2,0.9968,0.951,27.8,P/LP,P278R
chr17:g.7577105G>T,TP53,panel,4,0.9993,0.95,28.6,other,P278H
chr17:g.7577106G>A,TP53,panel,6,0.9988,0.963,32.0,P/LP,P278S
chr17:g.7577106G>C,TP53,panel,2,0.9934,0.958,27.2,P/LP,P278A
chr17:g.7577106G>T,TP53,panel,1,0.9975,0.954,29.1,P/LP,P278T
chr17:g.7577114C>A,TP53,panel,5,0.9979,0.981,34.0,P/LP,C275F
chr17:g.7577114C>G,TP53,panel,1,0.9944,0.982,29.6,other,C275S
chr17:g.7577114C>T,TP53,panel,10,0.9997,0.972,33.0,P/LP,C275Y
chr17:g.7577117A>C,TP53,panel,4,0.989,0.865,27.4,P/LP,V274G
chr17:g.7577117A>T,TP53,panel,2,0.9991,0.889,29.8,P/LP,V274D
chr17:g.7577118C>A,TP53,panel,4,0.9915,0.773,19.43,P/LP,V274F
chr17:g.7577118C>G,TP53,panel,2,0.967,0.63,21.7,P/LP,V274L
chr17:g.7577120C>A,TP53,panel,7,0.9955,0.921,34.0,P/LP,R273L
chr17:g.7577120C>T,TP53,panel,86,0.989,0.868,27.3,P/LP,R273H
chr17:g.7577121G>A,TP53,panel,56,0.9945,0.901,32.0,P/LP,R273C
chr17:g.7577121G>T,TP53,panel,3,0.9993,0.906,28.2,P/LP,R273S
chr17:g.7577123A>C,TP53,panel,1,0.8205,0.707,22.8,P/LP,V272G
chr17:g.7577123A>G,TP53,panel,1,0.9049,0.658,22.9,other,V272A
chr17:g.7577123A>T,TP53,panel,1,0.9937,0.806,26.0,P/LP,V272E
chr17:g.7577124C>A,TP53,panel,7,0.9713,0.878,33.0,P/LP,V272L
chr17:g.7577124C>G,TP53,panel,1,0.9713,0.878,31.0,P/LP,V272L
chr17:g.7577124C>T,TP53,panel,8,0.9593,0.907,33.0,P/LP,V272M
chr17:g.7577126T>A,TP53,panel,1,0.9499,0.972,33.0,P/LP,E271V
chr17:g.7577127C>T,TP53,panel,2,0.9532,0.935,34.0,P/LP,E271K
chr17:g.7577128A>T,TP53,panel,2,0.9961,0.827,28.4,P/LP,F270L
chr17:g.7577129A>C,TP53,panel,1,0.9803,0.929,28.6,P/LP,F270C
chr17:g.7577129A>G,TP53,panel,1,0.9967,0.945,32.0,P/LP,F270S
chr17:g.7577130A>C,TP53,panel,2,0.9038,0.926,29.3,P/LP,F270V
chr17:g.7577130A>G,TP53,panel,3,0.9961,0.935,32.0,P/LP,F270L
chr17:g.7577138C>G,TP53,panel,1,0.9994,0.927,34.0,P/LP,R267P
chr17:g.7577138C>T,TP53,panel,1,0.9125,0.902,34.0,other,R267Q
chr17:g.7577141C>A,TP53,panel,7,0.997,0.974,33.0,other,G266V
chr17:g.7577141C>T,TP53,panel,13,0.9988,0.973,34.0,P/LP,G266E
chr17:g.7577142C>T,TP53,panel,8,0.9987,0.963,34.0,P/LP,G266R
chr17:g.7577144A>G,TP53,panel,2,0.9913,0.948,29.0,P/LP,L265P
chr17:g.7577148G>C,TP53,panel,1,0.086,0.381,0.008,,L264V
chr17:g.7577153C>A,TP53,panel,3,0.9881,0.929,28.3,other,G262V
chr17:g.7577505T>A,TP53,panel,3,0.9457,0.742,24.4,P/LP,D259V
chr17:g.7577506C>A,TP53,panel,3,0.8837,0.737,28.0,P/LP,D259Y
chr17:g.7577507T>A,TP53,panel,1,0.9944,0.897,25.3,,E258D
chr17:g.7577508T>C,TP53,panel,2,0.9859,0.952,27.4,P/LP,E258G
chr17:g.7577509C>G,TP53,panel,1,0.9508,0.936,25.8,,E258Q
chr17:g.7577509C>T,TP53,panel,3,0.9919,0.961,31.0,P/LP,E258K
chr17:g.7577511A>C,TP53,panel,1,0.9945,0.922,25.9,P/LP,L257R
chr17:g.7577511A>G,TP53,panel,2,0.9994,0.933,26.2,P/LP,L257P
chr17:g.7577511A>T,TP53,panel,1,0.9953,0.916,25.7,P/LP,L257Q
chr17:g.7577514G>A,TP53,panel,1,0.9787,0.932,26.1,other,T256I
chr17:g.7577515T>G,TP53,panel,2,0.9891,0.945,25.5,other,T256P
chr17:g.7577517A>G,TP53,panel,2,0.9823,0.948,26.3,other,I255T
chr17:g.7577517A>T,TP53,panel,3,0.9967,0.928,28.0,P/LP,I255N
chr17:g.7577518T>A,TP53,panel,3,0.7291,0.785,26.2,P/LP,I255F
chr17:g.7577520A>C,TP53,panel,4,0.9868,0.953,27.1,P/LP,I254S
chr17:g.7577520A>T,TP53,panel,1,0.9911,0.962,27.1,P/LP,I254N
chr17:g.7577526A>G,TP53,panel,2,0.9972,0.952,26.6,P/LP,L252P
chr17:g.7577530T>A,TP53,panel,4,0.961,0.962,29.3,P/LP,I251F
chr17:g.7577532G>A,TP53,panel,5,0.964,0.962,29.7,P/LP,P250L
chr17:g.7577534C>A,TP53,panel,5,0.9995,0.769,27.7,P/LP,R249S
chr17:g.7577534C>G,TP53,panel,1,0.9995,0.769,26.6,P/LP,R249S
chr17:g.7577535C>A,TP53,panel,5,0.9992,0.911,31.0,P/LP,R249M
chr17:g.7577535C>G,TP53,panel,2,0.9994,0.921,27.7,P/LP,R249T
chr17:g.7577536T>A,TP53,panel,2,0.9911,0.846,26.7,P/LP,R249W
chr17:g.7577536T>C,TP53,panel,1,0.998,0.888,24.8,P/LP,R249G
chr17:g.7577538C>A,TP53,panel,1,0.999,0.96,34.0,P/LP,R248L
chr17:g.7577538C>T,TP53,panel,70,0.9963,0.934,34.0,P/LP,R248Q
chr17:g.7577539G>A,TP53,panel,60,0.9968,0.927,34.0,P/LP,R248W
chr17:g.7577539G>C,TP53,panel,1,0.9985,0.932,29.1,P/LP,R248G
chr17:g.7577544A>C,TP53,panel,1,0.9953,0.959,28.5,P/LP,M246R
chr17:g.7577544A>G,TP53,panel,2,0.9988,0.956,27.0,P/LP,M246T
chr17:g.7577544A>T,TP53,panel,1,0.9934,0.963,29.1,P/LP,M246K
chr17:g.7577545T>C,TP53,panel,3,0.9681,0.924,24.9,P/LP,M246V
chr17:g.7577547C>A,TP53,panel,12,0.9971,0.972,33.0,P/LP,G245V
chr17:g.7577547C>G,TP53,panel,1,0.9861,0.946,28.5,P/LP,G245A
chr17:g.7577547C>T,TP53,panel,8,0.9989,0.974,33.0,P/LP,G245D
chr17:g.7577548C>A,TP53,panel,5,0.9968,0.97,35.0,P/LP,G245C
chr17:g.7577548C>T,TP53,panel,31,0.9735,0.947,35.0,P/LP,G245S
chr17:g.7577550C>A,TP53,panel,2,0.9973,0.949,33.0,P/LP,G244V
chr17:g.7577551C>A,TP53,panel,2,0.9978,0.94,34.0,P/LP,G244C
chr17:g.7577551C>T,TP53,panel,2,0.9907,0.936,34.0,P/LP,G244S
chr17:g.7577555G>C,TP53,panel,1,0.9994,0.94,28.7,P/LP,C242W
chr17:g.7577556C>A,TP53,panel,5,0.9994,0.977,33.0,P/LP,C242F
chr17:g.7577556C>G,TP53,panel,3,0.9989,0.947,28.6,P/LP,C242S
chr17:g.7577556C>T,TP53,panel,3,0.9996,0.973,32.0,P/LP,C242Y
chr17:g.7577557A>C,TP53,panel,1,0.9973,0.963,26.6,P/LP,C242G
chr17:g.7577557A>G,TP53,panel,1,0.9994,0.966,28.8,P/LP,C242R
chr17:g.7577559G>A,TP53,panel,9,0.999,0.958,27.7,P/LP,S241F
chr17:g.7577559G>C,TP53,panel,3,0.998,0.952,25.8,P/LP,S241C
chr17:g.7577559G>T,TP53,panel,2,0.9984,0.96,26.5,P/LP,S241Y
chr17:g.7577560A>G,TP53,panel,3,0.9981,0.954,27.8,P/LP,S241P
chr17:g.7577561A>C,TP53,panel,1,0.9995,0.908,26.4,other,S240R
chr17:g.7577561A>T,TP53,panel,1,0.9995,0.908,26.7,other,S240R
chr17:g.7577565T>C,TP53,panel,2,0.7947,0.897,25.5,P/LP,N239S
chr17:g.7577566T>C,TP53,panel,1,0.9944,0.948,28.8,P/LP,N239D
chr17:g.7577567A>C,TP53,panel,1,0.9996,0.896,26.6,P/LP,C238W
chr17:g.7577568C>A,TP53,panel,3,0.9996,0.958,33.0,P/LP,C238F
chr17:g.7577568C>G,TP53,panel,2,0.9996,0.946,28.7,P/LP,C238S
chr17:g.7577568C>T,TP53,panel,20,0.9996,0.957,32.0,P/LP,C238Y
chr17:g.7577569A>C,TP53,panel,1,0.9957,0.938,25.7,P/LP,C238G
chr17:g.7577569A>G,TP53,panel,4,0.9998,0.954,27.2,P/LP,C238R
chr17:g.7577569A>T,TP53,panel,1,0.9996,0.956,26.0,P/LP,C238S
chr17:g.7577570C>A,TP53,panel,4,0.9967,0.923,32.0,P/LP,M237I
chr17:g.7577570C>G,TP53,panel,1,0.9967,0.923,29.2,P/LP,M237I
chr17:g.7577570C>T,TP53,panel,12,0.9967,0.923,31.0,P/LP,M237I
chr17:g.7577574T>C,TP53,panel,12,0.978,0.811,25.0,P/LP,Y236C
chr17:g.7577575A>C,TP53,panel,1,0.9945,0.845,27.2,P/LP,Y236D
chr17:g.7577575A>G,TP53,panel,3,0.9889,0.772,27.1,P/LP,Y236H
chr17:g.7577575A>T,TP53,panel,2,0.9891,0.837,27.6,other,Y236N
chr17:g.7577580T>C,TP53,panel,15,0.8469,0.945,25.3,P/LP,Y234C
chr17:g.7577581A>G,TP53,panel,2,0.9891,0.89,27.0,P/LP,Y234H
chr17:g.7577581A>T,TP53,panel,3,0.9909,0.941,27.3,P/LP,Y234N
chr17:g.7577586A>C,TP53,panel,3,0.9864,0.935,32.0,P/LP,I232S
chr17:g.7577587T>A,TP53,panel,2,0.8128,0.84,28.1,P/LP,I232F
chr17:g.7577601G>A,TP53,panel,1,0.735,0.727,24.0,other,S227F
chr17:g.7578177C>A,TP53,panel,3,0.8971,0.697,23.7,B/LB,E224D
chr17:g.7578177C>G,TP53,panel,1,0.8971,0.697,23.3,other,E224D
chr17:g.7578190T>C,TP53,panel,45,0.8863,0.936,28.9,P/LP,Y220C
chr17:g.7578190T>G,TP53,panel,1,0.9757,0.918,33.0,P/LP,Y220S
chr17:g.7578191A>C,TP53,panel,1,0.9974,0.934,28.8,P/LP,Y220D
chr17:g.7578191A>G,TP53,panel,3,0.9664,0.909,28.9,P/LP,Y220H
chr17:g.7578191A>T,TP53,panel,4,0.9869,0.91,29.2,P/LP,Y220N
chr17:g.7578196A>T,TP53,panel,3,0.9912,0.977,34.0,P/LP,V218E
chr17:g.7578202A>C,TP53,panel,1,0.9621,0.98,27.8,P/LP,V216G
chr17:g.7578203C>A,TP53,panel,1,0.9219,0.948,34.0,P/LP,V216L
chr17:g.7578203C>T,TP53,panel,5,0.9421,0.956,33.0,P/LP,V216M
chr17:g.7578204A>C,TP53,panel,2,0.998,0.812,24.2,P/LP,S215R
chr17:g.7578205C>A,TP53,panel,5,0.984,0.913,34.0,P/LP,S215I
chr17:g.7578205C>T,TP53,panel,2,0.9644,0.785,32.0,P/LP,S215N
chr17:g.7578206T>C,TP53,panel,3,0.8539,0.896,26.7,P/LP,S215G
chr17:g.7578208T>C,TP53,panel,13,0.9461,0.885,25.5,P/LP,H214R
chr17:g.7578211C>A,TP53,panel,6,0.9906,0.929,34.0,P/LP,R213L
chr17:g.7578211C>T,TP53,panel,3,0.957,0.92,34.0,P/LP,R213Q
chr17:g.7578217G>A,TP53,panel,2,0.9786,0.944,28.8,P/LP,T211I
chr17:g.7578235T>A,TP53,panel,3,0.8004,0.823,24.2,,Y205F
chr17:g.7578235T>C,TP53,panel,5,0.9974,0.873,23.7,P/LP,Y205C
chr17:g.7578235T>G,TP53,panel,1,0.9955,0.852,24.0,other,Y205S
chr17:g.7578236A>C,TP53,panel,4,0.9971,0.925,24.5,P/LP,Y205D
chr17:g.7578236A>G,TP53,panel,1,0.9986,0.9,22.5,P/LP,Y205H
chr17:g.7578242C>T,TP53,panel,1,0.6688,0.519,22.6,other,V203M
chr17:g.7578253C>A,TP53,panel,2,0.9772,0.899,27.4,P/LP,G199V
chr17:g.7578260C>T,TP53,panel,3,0.8497,0.758,23.9,other,V197M
chr17:g.7578262C>G,TP53,panel,3,0.9989,0.941,28.5,P/LP,R196P
chr17:g.7578265A>C,TP53,panel,2,0.9971,0.865,24.4,P/LP,I195S
chr17:g.7578265A>G,TP53,panel,15,0.9979,0.851,23.9,P/LP,I195T
chr17:g.7578265A>T,TP53,panel,3,0.9984,0.84,24.6,P/LP,I195N
chr17:g.7578266T>A,TP53,panel,3,0.9448,0.904,26.6,P/LP,I195F
chr17:g.7578268A>C,TP53,panel,10,0.9956,0.933,25.2,P/LP,L194R
chr17:g.7578268A>T,TP53,panel,2,0.9978,0.918,24.9,P/LP,L194H
chr17:g.7578269G>A,TP53,panel,2,0.9667,0.851,25.1,P/LP,L194F
chr17:g.7578269G>C,TP53,panel,1,0.7603,0.833,24.1,,L194V
chr17:g.7578271T>A,TP53,panel,9,0.9946,0.864,25.5,P/LP,H193L
chr17:g.7578271T>C,TP53,panel,14,0.9982,0.884,23.5,P/LP,H193R
chr17:g.7578272G>A,TP53,panel,7,0.9627,0.887,26.1,P/LP,H193Y
chr17:g.7578273C>A,TP53,panel,1,0.4948,0.534,15.78,other,Q192H
chr17:g.7578280G>A,TP53,panel,8,0.7504,0.824,23.5,P/LP,P190L
chr17:g.7578280G>C,TP53,panel,1,0.8599,0.846,24.1,P/LP,P190R
chr17:g.7578281G>T,TP53,panel,2,0.8605,0.822,24.2,other,P190T
chr17:g.7578286A>T,TP53,panel,1,0.2501,0.581,17.87,,L188Q
chr17:g.7578388C>G,TP53,panel,2,0.9883,0.894,27.7,P/LP,R181P
chr17:g.7578388C>T,TP53,panel,2,0.5905,0.797,28.5,P/LP,R181H
chr17:g.7578392C>T,TP53,panel,1,0.9602,0.823,33.0,P/LP,E180K
chr17:g.7578393A>C,TP53,panel,1,0.9991,0.79,23.4,P/LP,H179Q
chr17:g.7578394T>A,TP53,panel,2,0.9972,0.882,26.6,P/LP,H179L
chr17:g.7578394T>C,TP53,panel,11,0.9975,0.935,26.1,P/LP,H179R
chr17:g.7578395G>A,TP53,panel,9,0.9981,0.948,29.4,P/LP,H179Y
chr17:g.7578395G>C,TP53,panel,1,0.9989,0.916,31.0,P/LP,H179D
chr17:g.7578395G>T,TP53,panel,2,0.9991,0.902,29.3,P/LP,H179N
chr17:g.7578397T>G,TP53,panel,1,0.9813,0.918,26.9,P/LP,H178P
chr17:g.7578400G>C,TP53,panel,1,0.9689,0.893,27.1,P/LP,P177R
chr17:g.7578401G>A,TP53,panel,1,0.9858,0.877,29.7,other,P177S
chr17:g.7578402G>C,TP53,panel,2,0.9993,0.863,26.3,P/LP,C176W
chr17:g.7578403C>A,TP53,panel,4,0.999,0.951,32.0,P/LP,C176F
chr17:g.7578403C>G,TP53,panel,2,0.9997,0.945,23.9,,C176S
chr17:g.7578403C>T,TP53,panel,10,0.9994,0.949,29.6,P/LP,C176Y
chr17:g.7578404A>C,TP53,panel,2,0.999,0.946,26.7,P/LP,C176G
chr17:g.7578404A>G,TP53,panel,2,0.9999,0.94,29.0,P/LP,C176R
chr17:g.7578404A>T,TP53,panel,4,0.9997,0.946,24.0,P/LP,C176S
chr17:g.7578406C>T,TP53,panel,154,0.9857,0.922,25.1,P/LP,R175H
chr17:g.7578407G>C,TP53,panel,2,0.9953,0.829,27.1,P/LP,R175G
chr17:g.7578410T>A,TP53,panel,2,0.7587,0.634,27.5,other,R174W
chr17:g.7578412A>C,TP53,panel,2,0.9889,0.769,23.6,P/LP,V173G
chr17:g.7578413C>A,TP53,panel,3,0.9951,0.88,29.1,P/LP,V173L
chr17:g.7578413C>G,TP53,panel,2,0.9951,0.88,27.5,P/LP,V173L
chr17:g.7578413C>T,TP53,panel,6,0.9982,0.892,28.1,P/LP,V173M
chr17:g.7578415A>T,TP53,panel,3,0.9778,0.952,31.0,P/LP,V172D
chr17:g.7578416C>A,TP53,panel,5,0.9499,0.917,29.4,P/LP,V172F
chr17:g.7578418T>C,TP53,panel,2,0.9354,0.917,25.9,P/LP,E171G
chr17:g.7578427T>A,TP53,panel,1,0.8777,0.55,17.6,P/LP,H168L
chr17:g.7578427T>C,TP53,panel,7,0.9364,0.562,19.21,P/LP,H168R
chr17:g.7578427T>G,TP53,panel,1,0.9859,0.526,22.8,P/LP,H168P
chr17:g.7578442T>C,TP53,panel,18,0.9876,0.872,23.7,P/LP,Y163C
chr17:g.7578445A>T,TP53,panel,2,0.9956,0.8,24.7,P/LP,I162N
chr17:g.7578448G>T,TP53,panel,1,0.9993,0.908,25.5,P/LP,A161D
chr17:g.7578449C>T,TP53,panel,5,0.9753,0.79,26.6,P/LP,A161T
chr17:g.7578451A>G,TP53,panel,1,0.6843,0.669,14.74,other,M160T
chr17:g.7578454G>A,TP53,panel,5,0.6885,0.774,24.6,P/LP,A159V
chr17:g.7578454G>T,TP53,panel,2,0.9988,0.836,24.4,P/LP,A159D
chr17:g.7578455C>G,TP53,panel,2,0.998,0.815,25.5,P/LP,A159P
chr17:g.7578455C>T,TP53,panel,1,0.487,0.715,21.6,other,A159T
chr17:g.7578457C>G,TP53,panel,1,0.9991,0.916,26.9,P/LP,R158P
chr17:g.7578457C>T,TP53,panel,1,0.9333,0.844,22.6,P/LP,R158H
chr17:g.7578460A>C,TP53,panel,2,0.9637,0.872,24.7,P/LP,V157G
chr17:g.7578461C>A,TP53,panel,11,0.9394,0.708,24.2,P/LP,V157F
chr17:g.7578461C>T,TP53,panel,1,0.1112,0.425,8.017,B/LB,V157I
chr17:g.7578466G>T,TP53,panel,2,0.7959,0.548,14.18,P/LP,T155N
chr17:g.7578467T>G,TP53,panel,1,0.9045,0.581,22.8,P/LP,T155P
chr17:g.7578469C>A,TP53,panel,1,0.7981,0.754,24.1,P/LP,G154V
chr17:g.7578475G>A,TP53,panel,7,0.4915,0.878,28.0,P/LP,P152L
chr17:g.7578475G>C,TP53,panel,1,0.6995,0.853,26.1,P/LP,P152R
chr17:g.7578478G>C,TP53,panel,4,0.9899,0.912,24.3,P/LP,P151R
chr17:g.7578478G>T,TP53,panel,4,0.9935,0.87,24.5,P/LP,P151H
chr17:g.7578479G>A,TP53,panel,7,0.9734,0.898,25.4,P/LP,P151S
chr17:g.7578479G>C,TP53,panel,1,0.6991,0.889,24.2,P/LP,P151A
chr17:g.7578479G>T,TP53,panel,6,0.9443,0.911,25.0,P/LP,P151T
chr17:g.7578490A>C,TP53,panel,1,0.7013,0.895,25.5,P/LP,V147G
chr17:g.7578496A>C,TP53,panel,1,0.9906,0.845,24.6,other,L145R
chr17:g.7578496A>G,TP53,panel,3,0.9964,0.818,23.1,P/LP,L145P
chr17:g.7578496A>T,TP53,panel,2,0.9871,0.846,24.4,P/LP,L145Q
chr17:g.7578502A>G,TP53,panel,1,0.9641,0.574,23.1,P/LP,V143A
chr17:g.7578502A>T,TP53,panel,1,0.9979,0.683,23.8,other,V143E
chr17:g.7578503C>T,TP53,panel,1,0.8789,0.659,24.8,P/LP,V143M
chr17:g.7578507G>C,TP53,panel,1,0.9946,0.808,24.6,P/LP,C141W
chr17:g.7578508C>T,TP53,panel,5,0.9938,0.897,24.8,P/LP,C141Y
chr17:g.7578509A>C,TP53,panel,1,0.9587,0.859,23.3,,C141G
chr17:g.7578509A>G,TP53,panel,1,0.9976,0.861,24.0,P/LP,C141R
chr17:g.7578517G>A,TP53,panel,3,0.9835,0.87,27.4,P/LP,A138V
chr17:g.7578518C>G,TP53,panel,1,0.9932,0.949,30.0,P/LP,A138P
chr17:g.7578520A>T,TP53,panel,1,0.9633,0.951,28.0,,L137Q
chr17:g.7578523T>G,TP53,panel,2,0.9724,0.964,27.7,other,Q136P
chr17:g.7578524G>C,TP53,panel,1,0.8662,0.862,26.4,other,Q136E
chr17:g.7578525G>C,TP53,panel,1,0.9991,0.884,27.9,other,C135W
chr17:g.7578526C>A,TP53,panel,4,0.9924,0.96,33.0,P/LP,C135F
chr17:g.7578526C>T,TP53,panel,9,0.999,0.955,32.0,P/LP,C135Y
chr17:g.7578527A>G,TP53,panel,2,0.9988,0.964,28.3,P/LP,C135R
chr17:g.7578528A>C,TP53,panel,1,0.9998,0.872,25.1,P/LP,F134L
chr17:g.7578529A>C,TP53,panel,3,0.9996,0.949,26.2,P/LP,F134C
chr17:g.7578530A>C,TP53,panel,1,0.9985,0.959,29.1,P/LP,F134V
chr17:g.7578530A>G,TP53,panel,2,0.9998,0.942,32.0,other,F134L
chr17:g.7578530A>T,TP53,panel,1,0.9986,0.955,31.0,P/LP,F134I
chr17:g.7578532A>C,TP53,panel,5,0.9824,0.849,23.8,other,M133R
chr17:g.7578532A>G,TP53,panel,1,0.9592,0.78,23.5,P/LP,M133T
chr17:g.7578532A>T,TP53,panel,1,0.9817,0.845,24.0,P/LP,M133K
chr17:g.7578534C>A,TP53,panel,8,,,32.0,P/LP,K132N
chr17:g.7578534C>G,TP53,panel,1,,,29.3,P/LP,K132N
chr17:g.7578535T>A,TP53,panel,1,,,25.0,P/LP,K132M
chr17:g.7578535T>C,TP53,panel,8,,,26.1,P/LP,K132R
chr17:g.7578535T>G,TP53,panel,2,,,27.1,P/LP,K132T
chr17:g.7578536T>C,TP53,panel,1,0.9992,0.968,29.6,P/LP,K132E
chr17:g.7578536T>G,TP53,panel,4,0.9913,0.944,29.0,P/LP,K132Q
chr17:g.7578538T>A,TP53,panel,4,0.9828,0.939,31.0,P/LP,N131I
chr17:g.7578539T>A,TP53,panel,1,0.8214,0.879,27.0,P/LP,N131Y
chr17:g.7578541A>C,TP53,panel,5,0.8599,0.918,26.9,,L130R
chr17:g.7578541A>G,TP53,panel,2,0.9935,0.927,27.6,P/LP,L130P
chr17:g.7578541A>T,TP53,panel,1,0.9772,0.924,26.7,P/LP,L130H
chr17:g.7578542G>A,TP53,panel,3,0.9511,0.921,28.3,other,L130F
chr17:g.7578542G>C,TP53,panel,5,0.7284,0.887,26.4,P/LP,L130V
chr17:g.7578550G>A,TP53,panel,11,0.997,0.925,29.3,P/LP,S127F
chr17:g.7578550G>T,TP53,panel,2,0.9884,0.918,28.2,P/LP,S127Y
chr17:g.7578551A>G,TP53,panel,3,0.9982,0.957,32.0,P/LP,S127P
chr17:g.7578551A>T,TP53,panel,2,0.9302,0.924,28.8,other,S127T
chr17:g.7578553T>C,TP53,panel,5,0.9718,0.981,27.5,P/LP,Y126C
chr17:g.7578553T>G,TP53,panel,1,0.9866,0.972,31.0,other,Y126S
chr17:g.7578554A>C,TP53,panel,3,0.9978,0.979,29.1,P/LP,Y126D
chr17:g.7578554A>G,TP53,panel,2,0.9874,0.961,29.3,P/LP,Y126H
chr17:g.7578554A>T,TP53,panel,3,0.9927,0.965,29.3,other,Y126N
chr17:g.7579313G>A,TP53,panel,2,0.9798,0.925,33.0,P/LP,T125M
chr17:g.7579313G>T,TP53,panel,1,0.9907,0.963,34.0,P/LP,T125K
chr17:g.7579327C>G,TP53,panel,1,0.9996,0.862,32.0,,K120N
chr17:g.7579328T>C,TP53,panel,1,0.8377,0.861,29.1,other,K120R
chr17:g.7579349A>C,TP53,panel,1,0.995,0.952,27.2,P/LP,F113C
chr17:g.7579350A>C,TP53,panel,3,,,29.3,P/LP,F113V
chr17:g.7579350A>T,TP53,panel,1,,,32.0,P/LP,F113I
chr17:g.7579355A>C,TP53,panel,1,0.9737,0.862,27.4,other,L111R
chr17:g.7579358C>A,TP53,panel,3,0.5017,0.632,24.9,P/LP,R110L
chr17:g.7579358C>G,TP53,panel,1,0.9681,0.593,24.5,P/LP,R110P
chr17:g.7579359G>A,TP53,panel,1,0.1734,0.471,24.7,other,R110C
chr17:g.7579361A>C,TP53,panel,1,0.9893,0.965,28.5,P/LP,F109C
chr17:g.7579361A>G,TP53,panel,3,0.999,0.952,32.0,other,F109S
chr17:g.7579362A>C,TP53,panel,2,0.9804,0.875,27.1,P/LP,F109V
chr17:g.7579369G>C,TP53,panel,3,0.3249,0.635,12.67,P/LP,S106R
chr17:g.7579374C>A,TP53,panel,1,0.9888,0.942,29.5,,G105C
chr17:g.7579419A>T,TP53,panel,1,0.0976,0.45,0.004,,S90T
chr17:g.7579472G>C,TP53,panel,3,0.0913,0.368,0.355,P/LP,P72R
chr18:g.48573430C>G,SMAD4,panel,1,0.3086,0.602,25.9,other,S5C
chr18:g.48573484T>C,SMAD4,panel,1,1.0,0.839,25.4,,L23S
chr18:g.48573532C>G,SMAD4,panel,1,0.9905,0.838,27.2,,A39G
chr18:g.48573547T>G,SMAD4,panel,2,0.995,0.922,25.8,,V44G
chr18:g.48573556T>C,SMAD4,panel,2,1.0,0.948,26.2,,L47P
chr18:g.48573556T>G,SMAD4,panel,1,0.9996,0.953,27.0,,L47R
chr18:g.48573577T>C,SMAD4,panel,1,0.9999,0.902,25.6,,L54S
chr18:g.48573585T>G,SMAD4,panel,1,0.9854,0.808,23.6,,L57V
chr18:g.48573586T>C,SMAD4,panel,3,0.9999,0.957,25.8,,L57S
chr18:g.48573587A>C,SMAD4,panel,1,0.9951,0.836,23.8,,L57F
chr18:g.48573628G>A,SMAD4,panel,1,0.9999,0.901,25.9,other,C71Y
chr18:g.48573628G>T,SMAD4,panel,1,0.9997,0.91,26.7,,C71F
chr18:g.48573629T>G,SMAD4,panel,1,0.9999,0.858,25.0,,C71W
chr18:g.48573657A>G,SMAD4,panel,1,0.9999,0.893,25.2,,R81G
chr18:g.48575080C>T,SMAD4,panel,1,0.9986,0.959,27.5,B/LB,H92Y
chr18:g.48575087T>G,SMAD4,panel,1,0.9994,0.926,29.7,,I94S
chr18:g.48575089T>C,SMAD4,panel,1,0.9999,0.845,26.6,,Y95H
chr18:g.48575093C>A,SMAD4,panel,1,0.9999,0.871,32.0,,A96D
chr18:g.48575098C>T,SMAD4,panel,1,0.9979,0.636,27.9,,L98F
chr18:g.48575101T>G,SMAD4,panel,1,0.9992,0.919,27.6,,W99G
chr18:g.48575103G>C,SMAD4,panel,2,0.9999,0.841,29.6,,W99C
chr18:g.48575107T>C,SMAD4,panel,1,1.0,0.903,26.8,,W101R
chr18:g.48575109G>T,SMAD4,panel,2,0.9999,0.85,32.0,,W101C
chr18:g.48575132T>A,SMAD4,panel,1,0.9999,0.961,29.5,,L109Q
chr18:g.48575132T>C,SMAD4,panel,2,1.0,0.942,28.4,,L109P
chr18:g.48575132T>G,SMAD4,panel,1,0.9997,0.969,29.1,,L109R
chr18:g.48575141T>G,SMAD4,panel,1,0.7699,0.819,23.3,,V112G
chr18:g.48575151T>G,SMAD4,panel,1,1.0,0.92,27.6,,C115W
chr18:g.48575152C>A,SMAD4,panel,1,0.4279,0.362,22.3,,Q116K
chr18:g.48575152C>G,SMAD4,panel,1,0.2592,0.299,23.3,,Q116E
chr18:g.48575159C>T,SMAD4,panel,13,0.9995,0.873,33.0,other,A118V
chr18:g.48575161T>C,SMAD4,panel,1,1.0,0.864,27.1,,F119L
chr18:g.48575183T>C,SMAD4,panel,1,0.9993,0.873,24.2,other,V126A
chr18:g.48575183T>G,SMAD4,panel,2,0.999,0.875,27.2,,V126G
chr18:g.48575185T>A,SMAD4,panel,1,0.9999,0.942,25.6,,C127S
chr18:g.48575186G>T,SMAD4,panel,1,0.9999,0.989,29.7,,C127F
chr18:g.48575191A>C,SMAD4,panel,1,0.9985,0.802,24.7,,N129H
chr18:g.48575191A>G,SMAD4,panel,1,0.9998,0.792,26.4,,N129D
chr18:g.48575192A>G,SMAD4,panel,1,0.9719,0.877,25.8,other,N129S
chr18:g.48575194C>T,SMAD4,panel,3,0.9999,0.97,28.9,other,P130S
chr18:g.48575195C>T,SMAD4,panel,2,0.9996,0.964,32.0,,P130L
chr18:g.48575197T>A,SMAD4,panel,1,0.9981,0.912,29.2,,Y131N
chr18:g.48575198A>G,SMAD4,panel,1,0.9933,0.906,26.8,other,Y131C
chr18:g.48575200C>T,SMAD4,panel,1,0.9992,0.96,27.6,other,H132Y
chr18:g.48575203T>A,SMAD4,panel,1,0.9992,0.904,29.4,,Y133N
chr18:g.48575689G>T,SMAD4,panel,1,0.3054,0.583,22.9,other,S150I
chr18:g.48581173G>T,SMAD4,panel,1,0.9362,0.482,23.7,,K159N
chr18:g.48581219G>C,SMAD4,panel,1,0.1973,0.362,9.881,,E175Q
chr18:g.48581255A>C,SMAD4,panel,1,0.8507,0.332,16.08,other,S187R
chr18:g.48584546T>A,SMAD4,panel,1,0.7886,0.385,20.9,,I240K
chr18:g.48591825G>A,SMAD4,panel,3,0.9997,0.971,34.0,,E330K
chr18:g.48591843G>A,SMAD4,panel,1,1.0,0.948,32.0,,G336R
chr18:g.48591853T>C,SMAD4,panel,1,0.9996,0.976,30.0,,F339S
chr18:g.48591882A>C,SMAD4,panel,1,0.9766,0.883,26.9,,T349P
chr18:g.48591885G>T,SMAD4,panel,2,0.9978,0.966,31.0,,V350F
chr18:g.48591886T>G,SMAD4,panel,1,0.9992,0.981,27.5,,V350G
chr18:g.48591888G>A,SMAD4,panel,2,0.9985,0.936,33.0,,D351N
chr18:g.48591888G>C,SMAD4,panel,2,0.9999,0.976,29.0,P/LP,D351H
chr18:g.48591888G>T,SMAD4,panel,1,0.9998,0.975,31.0,,D351Y
chr18:g.48591889A>C,SMAD4,panel,2,0.9998,0.978,28.2,,D351A
chr18:g.48591889A>G,SMAD4,panel,3,0.9996,0.982,29.4,other,D351G
chr18:g.48591891G>A,SMAD4,panel,1,1.0,0.986,32.0,P/LP,G352R
chr18:g.48591892G>A,SMAD4,panel,1,1.0,0.995,27.8,,G352E
chr18:g.48591892G>T,SMAD4,panel,1,0.9999,0.991,27.4,,G352V
chr18:g.48591895A>G,SMAD4,panel,1,0.9861,0.931,26.8,P/LP,Y353C
chr18:g.48591901A>G,SMAD4,panel,2,0.9994,0.985,29.7,,D355G
chr18:g.48591901A>T,SMAD4,panel,3,0.9974,0.978,28.8,,D355V
chr18:g.48591902C>G,SMAD4,panel,1,0.9959,0.921,27.7,,D355E
chr18:g.48591903C>T,SMAD4,panel,1,0.9976,0.883,31.0,other,P356S
chr18:g.48591904C>A,SMAD4,panel,1,0.9993,0.956,32.0,,P356H
chr18:g.48591904C>T,SMAD4,panel,4,0.9971,0.968,33.0,other,P356L
chr18:g.48591916A>T,SMAD4,panel,2,0.9588,0.874,27.6,,D360V
chr18:g.48591918C>A,SMAD4,panel,4,0.9997,0.912,34.0,P/LP,R361S
chr18:g.48591918C>G,SMAD4,panel,2,0.9995,0.885,33.0,P/LP,R361G
chr18:g.48591918C>T,SMAD4,panel,34,0.9976,0.945,35.0,P/LP,R361C
chr18:g.48591919G>A,SMAD4,panel,37,0.991,0.955,34.0,P/LP,R361H
chr18:g.48591919G>T,SMAD4,panel,1,0.9996,0.989,34.0,,R361L
chr18:g.48591925G>A,SMAD4,panel,1,0.9999,0.977,28.7,P/LP,C363Y
chr18:g.48591925G>T,SMAD4,panel,1,0.9997,0.979,31.0,,C363F
chr18:g.48591928T>C,SMAD4,panel,1,0.9999,0.991,27.4,other,L364S
chr18:g.48591931G>A,SMAD4,panel,3,1.0,0.969,29.9,,G365D
chr18:g.48591931G>T,SMAD4,panel,1,0.9999,0.971,31.0,,G365V
chr18:g.48591975A>G,SMAD4,panel,1,0.9996,0.916,27.2,P/LP,R380G
chr18:g.48591975A>T,SMAD4,panel,1,0.9996,0.979,29.9,other,R380W
chr18:g.48591976G>C,SMAD4,panel,1,0.9999,0.973,27.4,,R380T
chr18:g.48593394A>T,SMAD4,panel,1,0.9924,0.957,25.0,,H382L
chr18:g.48593397T>A,SMAD4,panel,3,0.9999,0.988,32.0,other,I383K
chr18:g.48593397T>C,SMAD4,panel,1,0.9959,0.966,27.9,P/LP,I383T
chr18:g.48593400G>A,SMAD4,panel,1,0.9999,0.977,32.0,other,G384D
chr18:g.48593405G>A,SMAD4,panel,3,0.9998,0.977,31.0,other,G386S
chr18:g.48593405G>T,SMAD4,panel,1,0.9999,0.972,29.6,,G386C
chr18:g.48593406G>A,SMAD4,panel,7,1.0,0.986,32.0,P/LP,G386D
chr18:g.48593406G>C,SMAD4,panel,2,0.9988,0.965,28.1,,G386A
chr18:g.48593406G>T,SMAD4,panel,5,0.9999,0.974,32.0,,G386V
chr18:g.48593466C>T,SMAD4,panel,2,0.9975,0.939,34.0,other,A406V
chr18:g.48593507C>T,SMAD4,panel,1,0.9993,0.822,35.0,other,R420C
chr18:g.48593517G>T,SMAD4,panel,1,0.9998,0.944,29.9,,G423V
chr18:g.48593525G>T,SMAD4,panel,1,0.9996,0.972,32.0,,V426F
chr18:g.48593532A>C,SMAD4,panel,1,0.9995,0.985,28.0,other,K428T
chr18:g.48593537T>G,SMAD4,panel,1,0.9998,0.886,29.7,,Y430D
chr18:g.48603039T>A,SMAD4,panel,1,0.9998,0.963,27.8,,M447K
chr18:g.48604650G>T,SMAD4,panel,1,0.9993,0.942,27.0,,G491V
chr18:g.48604652G>T,SMAD4,panel,1,0.9979,0.935,27.2,,V492F
chr18:g.48604653T>G,SMAD4,panel,1,0.993,0.86,23.1,,V492G
chr18:g.48604655G>A,SMAD4,panel,1,0.9987,0.801,28.5,,D493N
chr18:g.48604655G>C,SMAD4,panel,1,0.9999,0.932,26.5,P/LP,D493H
chr18:g.48604655G>T,SMAD4,panel,2,0.9997,0.659,27.4,,D493Y
chr18:g.48604656A>G,SMAD4,panel,1,0.9995,0.954,26.7,,D493G
chr18:g.48604665G>A,SMAD4,panel,4,0.9987,0.932,32.0,other,R496H
chr18:g.48604665G>C,SMAD4,panel,1,0.9998,0.935,31.0,,R496P
chr18:g.48604673T>C,SMAD4,panel,1,1.0,0.913,25.6,P/LP,C499R
chr18:g.48604680T>G,SMAD4,panel,1,0.9991,0.978,26.4,,L501R
chr18:g.48604687G>T,SMAD4,panel,1,0.956,0.444,19.21,,M503I
chr18:g.48604688A>C,SMAD4,panel,1,1.0,0.964,26.2,,S504R
chr18:g.48604690T>A,SMAD4,panel,1,1.0,0.927,25.2,,S504R
chr18:g.48604701G>A,SMAD4,panel,1,1.0,0.985,27.4,P/LP,G508D
chr18:g.48604701G>T,SMAD4,panel,2,0.9999,0.971,27.0,,G508V
chr18:g.48604703T>G,SMAD4,panel,1,0.9992,0.961,26.9,other,W509G
chr18:g.48604707G>A,SMAD4,panel,3,1.0,0.95,27.2,other,G510E
chr18:g.48604715T>C,SMAD4,panel,1,0.9999,0.954,25.9,,Y513H
chr18:g.48604721A>G,SMAD4,panel,1,0.9992,0.87,25.7,,R515G
chr18:g.48604739A>C,SMAD4,panel,1,0.9964,0.968,25.5,other,T521P
chr18:g.48604748T>A,SMAD4,panel,1,1.0,0.939,25.8,,W524R
chr18:g.48604748T>C,SMAD4,panel,1,1.0,0.939,25.0,other,W524R
chr18:g.48604750G>C,SMAD4,panel,2,0.9999,0.933,27.9,,W524C
chr18:g.48604750G>T,SMAD4,panel,4,0.9999,0.933,28.5,P/LP,W524C
chr18:g.48604755A>T,SMAD4,panel,3,0.9985,0.976,27.5,other,E526V
chr18:g.48604769C>T,SMAD4,panel,2,0.9983,0.843,31.0,other,R531W
chr18:g.48604773C>A,SMAD4,panel,1,0.9999,0.937,29.9,P/LP,A532D
chr18:g.48604776T>C,SMAD4,panel,2,1.0,0.967,25.8,P/LP,L533P
chr18:g.48604776T>G,SMAD4,panel,1,0.9991,0.982,26.5,,L533R
chr18:g.48604784C>A,SMAD4,panel,1,0.9952,0.738,24.4,,L536I
chr18:g.48604785T>A,SMAD4,panel,2,0.9999,0.963,26.3,,L536Q
chr18:g.48604785T>C,SMAD4,panel,2,1.0,0.974,25.9,,L536P
chr18:g.48604787G>C,SMAD4,panel,1,0.9999,0.918,26.6,,D537H
chr18:g.48604788A>G,SMAD4,panel,3,0.9996,0.968,26.6,P/LP,D537G
chr18:g.48604788A>T,SMAD4,panel,3,0.9999,0.964,26.0,other,D537V
chr18:g.48604797T>A,SMAD4,panel,2,1.0,0.956,26.9,,L540H
chr18:g.48604797T>G,SMAD4,panel,1,0.9994,0.958,26.8,,L540R
chr19:g.38931486G>T,RYR1,passenger,1,0.9315,0.61,27.7,,E49D
chr19:g.38933001G>A,RYR1,passenger,1,0.6344,0.736,24.8,P/LP,D60N
chr19:g.38934893C>T,RYR1,passenger,1,0.8823,0.931,32.0,P/LP,R177C
chr19:g.38939039G>A,RYR1,passenger,1,0.5482,0.904,32.0,other,R282Q
chr19:g.38939048C>A,RYR1,passenger,1,0.8943,0.782,25.4,,T285N
chr19:g.38943512C>T,RYR1,passenger,1,0.0826,0.3,21.5,other,T433M
chr19:g.38945940T>A,RYR1,passenger,1,0.9971,0.566,23.5,,F502L
chr19:g.38949888G>A,RYR1,passenger,1,0.6058,0.633,33.0,other,R757H
chr19:g.38956988G>A,RYR1,passenger,1,0.7602,0.856,33.0,other,R1043H
chr19:g.38958285C>T,RYR1,passenger,1,0.4389,0.894,28.8,other,R1072C
chr19:g.38958370G>A,RYR1,passenger,1,0.6561,0.733,33.0,other,R1100H
chr19:g.38959747G>A,RYR1,passenger,1,0.7662,0.52,34.0,P/LP,E1175K
chr19:g.38960079C>T,RYR1,passenger,1,0.583,0.808,29.1,other,R1231C
chr19:g.38966037G>A,RYR1,passenger,1,0.1783,0.575,25.8,,V1414M
chr19:g.38973979C>T,RYR1,passenger,1,0.0926,0.496,23.5,other,P1586L
chr19:g.38974044C>T,RYR1,passenger,1,0.7587,0.874,29.8,,P1608S
chr19:g.38976333G>A,RYR1,passenger,1,0.9054,0.819,31.0,,V1680M
chr19:g.38976405G>C,RYR1,passenger,1,0.9848,0.698,25.7,,G1704R
chr19:g.38976414C>T,RYR1,passenger,1,0.8871,0.749,30.0,P/LP,R1707C
chr19:g.38976522G>A,RYR1,passenger,1,0.0703,0.067,17.69,other,A1743T
chr19:g.38976756G>A,RYR1,passenger,1,0.2018,0.18,23.7,,D1821N
chr19:g.38976774C>T,RYR1,passenger,1,0.7712,0.289,27.6,other,R1827C
chr19:g.38980006G>A,RYR1,passenger,1,0.0687,0.091,9.497,,A1913T
chr19:g.38980881C>T,RYR1,passenger,1,0.3675,0.304,24.6,other,R1994C
chr19:g.38990454C>T,RYR1,passenger,1,0.2023,0.736,25.8,other,R2403C
chr19:g.38993325C>T,RYR1,passenger,1,0.5171,0.736,24.4,other,A2598V
chr19:g.38994959C>T,RYR1,passenger,1,0.9515,0.601,28.6,P/LP,R2676W
chr19:g.38996982G>A,RYR1,passenger,1,0.1289,0.714,24.6,other,D2861N
chr19:g.39002230G>A,RYR1,passenger,1,0.9709,0.581,26.7,B/LB,R3051H
chr19:g.39003117G>A,RYR1,passenger,1,0.1191,0.41,24.2,other,V3156I
chr19:g.39008205G>A,RYR1,passenger,1,0.0697,0.271,10.5,P/LP,A3298T
chr19:g.39008208G>A,RYR1,passenger,1,0.0803,0.318,6.023,B/LB,G3299S
chr19:g.39013699G>A,RYR1,passenger,1,0.697,0.501,21.0,other,A3431T
chr19:g.39013867G>A,RYR1,passenger,1,0.73,0.835,24.9,other,R3453H
chr19:g.39013945C>A,RYR1,passenger,1,0.378,0.545,18.36,,A3479D
chr19:g.39014568A>T,RYR1,passenger,1,0.1029,0.326,12.37,,Q3485L
chr19:g.39028579C>A,RYR1,passenger,1,0.7222,0.539,24.1,other,L3890I
chr19:g.39034005G>A,RYR1,passenger,1,0.9791,0.97,28.4,P/LP,R3903Q
chr19:g.39034184G>A,RYR1,passenger,1,0.9962,0.568,26.2,other,D3931N
chr19:g.39038962G>T,RYR1,passenger,2,0.9275,0.637,25.5,,D4062Y
chr19:g.39052033G>A,RYR1,passenger,1,0.1961,0.812,25.1,other,R4188H
chr19:g.39058490C>A,RYR1,passenger,1,0.1,0.27,22.2,,P4531H
chr19:g.39063833T>G,RYR1,passenger,1,0.9963,0.942,24.7,,F4672C
chr19:g.39075614G>A,RYR1,passenger,1,0.9892,0.963,28.6,P/LP,R4893Q
chr19:g.39078032G>A,RYR1,passenger,1,0.921,0.852,28.8,P/LP,R5030H
chr19:g.8966679G>A,MUC16,passenger,1,0.3046,0.27,24.1,,T14425I
chr19:g.8973992G>T,MUC16,passenger,1,0.1513,0.06,15.02,,L14227M
chr19:g.8974076G>A,MUC16,passenger,1,0.0654,0.058,11.27,,R14199W
chr19:g.8982221C>A,MUC16,passenger,1,0.1961,0.106,18.34,,Q14018H
chr19:g.8995635C>T,MUC16,passenger,1,0.0948,0.058,20.9,,A13785T
chr19:g.8997154C>T,MUC16,passenger,1,0.4851,0.135,18.93,,G13681D
chr19:g.8997507G>A,MUC16,passenger,1,0.4077,0.088,13.46,B/LB,L13639F
chr19:g.8999392C>G,MUC16,passenger,1,0.5684,0.227,24.3,,G13595R
chr19:g.8999547G>A,MUC16,passenger,1,0.1177,0.06,15.94,,A13543V
chr19:g.9000566G>A,MUC16,passenger,1,0.1292,0.046,15.0,,T13473I
chr19:g.9002161G>A,MUC16,passenger,1,0.1399,0.035,13.62,,T13448I
chr19:g.9005681C>T,MUC16,passenger,1,0.0666,0.076,6.499,,R13242H
chr19:g.9005718C>T,MUC16,passenger,1,0.123,0.048,21.9,,G13230R
chr19:g.9006392C>T,MUC16,passenger,2,0.0697,0.045,0.111,,S13209N
chr19:g.9015664C>T,MUC16,passenger,1,0.29,0.211,19.81,,G12720D
chr19:g.9015686C>T,MUC16,passenger,1,0.1215,0.049,22.4,,E12713K
chr19:g.9024949G>A,MUC16,passenger,1,0.1763,0.063,23.1,,R12305C
chr19:g.9026241G>A,MUC16,passenger,1,0.149,0.065,22.6,,R12249C
chr19:g.9038407G>A,MUC16,passenger,1,0.1741,0.099,23.1,,R12038C
chr19:g.9046028G>A,MUC16,passenger,1,0.2094,0.032,15.61,,S11868F
chr19:g.9046155G>T,MUC16,passenger,1,0.1088,0.028,1.065,,L11826I
chr19:g.9046323T>C,MUC16,passenger,1,0.1128,0.036,0.157,,T11770A
chr19:g.9047105A>C,MUC16,passenger,1,0.4347,0.062,0.447,,F11509C
chr19:g.9047793T>C,MUC16,passenger,1,0.1231,0.034,9.993,,T11280A
chr19:g.9047967A>G,MUC16,passenger,1,0.8277,0.017,0.135,,F11222L
chr19:g.9048035G>C,MUC16,passenger,1,0.1906,0.064,8.293,,A11199G
chr19:g.9048170G>A,MUC16,passenger,1,0.3018,0.087,16.22,,S11154F
chr19:g.9048279G>T,MUC16,passenger,1,0.0908,0.02,0.005,,L11118I
chr19:g.9049125G>A,MUC16,passenger,1,0.1257,0.106,0.027,,P10836S
chr19:g.9049571G>A,MUC16,passenger,2,0.0915,0.058,0.532,,P10687L
chr19:g.9054279G>A,MUC16,passenger,1,0.142,0.016,4.521,,P10448L
chr19:g.9056247C>T,MUC16,passenger,1,0.1433,0.011,0.798,,R10400K
chr19:g.9056982G>A,MUC16,passenger,1,0.1773,0.03,1.347,B/LB,T10155I
chr19:g.9056989C>G,MUC16,passenger,1,0.124,0.05,0.032,B/LB,E10153Q
chr19:g.9057140C>A,MUC16,passenger,1,0.1638,0.045,0.008,,M10102I
chr19:g.9057514C>A,MUC16,passenger,1,0.1044,0.067,2.299,,A9978S
chr19:g.9057561G>T,MUC16,passenger,1,0.1298,0.051,0.405,,S9962Y
chr19:g.9058483T>C,MUC16,passenger,1,0.0855,0.053,0.002,,T9655A
chr19:g.9058858C>G,MUC16,passenger,1,0.1239,0.023,2.183,,E9530Q
chr19:g.9058926G>A,MUC16,passenger,1,0.0772,0.04,2.721,,T9507M
chr19:g.9060121T>A,MUC16,passenger,1,0.1476,0.035,0.665,,T9109S
chr19:g.9060291G>A,MUC16,passenger,1,0.1883,0.024,7.061,,T9052I
chr19:g.9061129T>C,MUC16,passenger,1,0.1388,0.098,0.008,,I8773V
chr19:g.9062517C>A,MUC16,passenger,1,0.1061,0.043,0.013,,R8310M
chr19:g.9062933C>A,MUC16,passenger,1,0.1832,0.029,0.966,,Q8171H
chr19:g.9062950T>C,MUC16,passenger,1,0.0947,0.05,0.001,,I8166V
chr19:g.9063034T>C,MUC16,passenger,2,0.1057,0.063,0.004,,M8138V
chr19:g.9063069G>A,MUC16,passenger,1,0.1895,0.019,3.885,,T8126I
chr19:g.9064306G>A,MUC16,passenger,1,0.0807,0.057,0.005,,P7714S
chr19:g.9064926G>A,MUC16,passenger,1,0.1074,0.015,5.943,,A7507V
chr19:g.9065136A>G,MUC16,passenger,1,0.1031,0.217,0.007,,L7437S
chr19:g.9066039G>A,MUC16,passenger,1,0.0647,0.194,0.002,,T7136M
chr19:g.9066576C>A,MUC16,passenger,1,0.1302,0.028,4.198,,S6957I
chr19:g.9067185T>C,MUC16,passenger,1,0.1219,0.166,0.128,,D6754G
chr19:g.9067771C>T,MUC16,passenger,1,0.138,0.058,5.803,,V6559M
chr19:g.9067822T>C,MUC16,passenger,1,0.1326,0.062,0.035,,T6542A
chr19:g.9067890G>A,MUC16,passenger,1,0.1589,0.016,1.268,,A6519V
chr19:g.9069622G>T,MUC16,passenger,1,0.0838,0.037,0.643,,L5942I
chr19:g.9070332G>A,MUC16,passenger,1,0.1321,0.02,7.573,,A5705V
chr19:g.9070402G>T,MUC16,passenger,2,0.0762,0.094,0.002,,P5682T
chr19:g.9070617C>T,MUC16,passenger,1,0.0647,0.077,10.81,,R5610Q
chr19:g.9070725G>T,MUC16,passenger,1,0.1371,0.026,2.775,,A5574D
chr19:g.9070734G>A,MUC16,passenger,1,0.1132,0.007,0.026,,T5571I
chr19:g.9074001G>A,MUC16,passenger,1,0.0859,0.067,0.005,,A4482V
chr19:g.9074265G>A,MUC16,passenger,1,0.1437,0.032,1.282,,T4394I
chr19:g.9075012G>A,MUC16,passenger,1,0.1116,0.026,7.824,,T4145I
chr19:g.9076177C>T,MUC16,passenger,1,0.0898,0.035,11.57,,A3757T
chr19:g.9076237C>G,MUC16,passenger,1,0.3292,0.097,0.488,,D3737H
chr19:g.9076438C>A,MUC16,passenger,1,0.1085,0.079,0.008,,A3670S
chr19:g.9076607C>A,MUC16,passenger,1,0.4864,0.012,7.014,,M3613I
chr19:g.9076725G>T,MUC16,passenger,1,0.236,0.062,3.837,,T3574K
chr19:g.9083457C>T,MUC16,passenger,1,0.1768,0.04,9.721,B/LB,M2786I
chr19:g.9083879C>A,MUC16,passenger,1,0.3875,0.074,5.651,,D2646Y
chr19:g.9084223A>T,MUC16,passenger,1,0.219,0.035,9.022,,L2531H
chr19:g.9084299T>C,MUC16,passenger,2,0.0771,0.081,0.02,B/LB,T2506A
chr19:g.9085442C>A,MUC16,passenger,1,0.1032,0.108,2.725,,A2125S
chr19:g.9085462G>A,MUC16,passenger,1,0.133,0.132,0.019,,A2118V
chr19:g.9085546A>C,MUC16,passenger,1,0.7528,0.045,0.537,,F2090C
chr19:g.9085643A>G,MUC16,passenger,1,0.2732,0.093,1.711,B/LB,S2058P
chr19:g.9085741C>A,MUC16,passenger,1,0.2864,0.146,0.612,,S2025I
chr19:g.9086145G>C,MUC16,passenger,1,0.3557,0.057,1.292,,N1890K
chr19:g.9087050C>T,MUC16,passenger,1,0.1195,0.051,4.246,,V1589I
chr19:g.9087740C>A,MUC16,passenger,1,0.0789,0.037,0.123,,A1359S
chr19:g.9087758G>A,MUC16,passenger,2,0.1889,0.131,0.044,B/LB,H1353Y
chr19:g.9089947G>T,MUC16,passenger,1,0.2132,0.024,0.544,,T623K
chr19:g.9090699C>A,MUC16,passenger,1,0.2626,0.012,1.228,,E372D
chr1:g.152275642C>T,FLG,passenger,1,0.0906,0.005,0.006,B/LB,R3907H
chr1:g.152277031C>T,FLG,passenger,1,0.1493,0.057,9.786,,G3444E
chr1:g.152277244C>T,FLG,passenger,1,0.1059,0.095,8.053,,R3373H
chr1:g.152277587C>T,FLG,passenger,1,0.1242,0.052,1.025,,E3259K
chr1:g.152277769A>C,FLG,passenger,1,0.0415,0.017,0.002,,V3198G
chr1:g.152278049A>C,FLG,passenger,1,0.0686,0.012,0.017,B/LB,Y3105D
chr1:g.152278555T>C,FLG,passenger,1,0.1276,0.02,0.384,B/LB,D2936G
chr1:g.152278792C>T,FLG,passenger,1,0.1126,0.012,4.302,,R2857H
chr1:g.152279011T>C,FLG,passenger,1,0.2313,0.06,0.003,,D2784G
chr1:g.152279590T>G,FLG,passenger,1,0.2123,0.041,13.91,,H2591P
chr1:g.152279965G>A,FLG,passenger,1,0.1103,0.032,9.503,,P2466L
chr1:g.152280037T>C,FLG,passenger,1,0.0688,0.013,0.001,,H2442R
chr1:g.152280068C>T,FLG,passenger,1,0.0997,0.021,6.086,,G2432R
chr1:g.152280160C>T,FLG,passenger,1,0.1025,0.02,5.051,,R2401H
chr1:g.152280347C>T,FLG,passenger,1,0.1716,0.141,24.3,B/LB,D2339N
chr1:g.152280587G>A,FLG,passenger,1,0.0773,0.018,18.87,other,R2259W
chr1:g.152280892G>A,FLG,passenger,2,0.1599,0.022,8.16,,S2157L
chr1:g.152280900T>G,FLG,passenger,1,0.0854,0.107,0.001,B/LB,Q2154H
chr1:g.152281106G>A,FLG,passenger,2,0.2422,0.022,24.2,other,R2086C
chr1:g.152281197G>T,FLG,passenger,1,0.3367,0.025,0.029,,D2055E
chr1:g.152281460C>T,FLG,passenger,1,0.1601,0.086,23.3,,G1968R
chr1:g.152281479G>T,FLG,passenger,1,0.0971,0.023,0.001,B/LB,H1961Q
chr1:g.152281621T>C,FLG,passenger,1,0.0812,0.062,0.001,,Q1914R
chr1:g.152281628T>A,FLG,passenger,1,0.1828,0.04,23.7,,R1912W
chr1:g.152281690C>T,FLG,passenger,1,0.0715,0.045,11.35,B/LB,R1891Q
chr1:g.152281691G>A,FLG,passenger,1,0.1413,0.039,24.2,,R1891W
chr1:g.152281711C>T,FLG,passenger,1,0.0835,0.004,16.9,,R1884H
chr1:g.152281745G>T,FLG,passenger,1,0.1186,0.04,1.678,B/LB,Q1873K
chr1:g.152281915T>C,FLG,passenger,1,0.1945,0.047,0.001,,H1816R
chr1:g.152281939T>C,FLG,passenger,1,0.1833,0.022,1.336,,E1808G
chr1:g.152282108G>A,FLG,passenger,1,0.1972,0.05,23.8,other,R1752C
chr1:g.152282178C>A,FLG,passenger,1,0.0481,0.024,0.003,,E1728D
chr1:g.152282597G>A,FLG,passenger,1,0.1804,0.04,22.2,,R1589C
chr1:g.152283305G>C,FLG,passenger,1,0.0628,0.069,0.005,other,P1353A
chr1:g.152283334A>G,FLG,passenger,1,0.0693,0.024,0.001,B/LB,V1343A
chr1:g.152283598T>C,FLG,passenger,1,0.0471,0.026,7.388,,E1255G
chr1:g.152283693G>C,FLG,passenger,1,0.1057,0.023,0.001,,D1223E
chr1:g.152284211G>A,FLG,passenger,1,0.238,0.033,24.2,,R1051C
chr1:g.152284424G>C,FLG,passenger,1,0.0383,0.023,0.001,B/LB,H980D
chr1:g.152284997G>A,FLG,passenger,1,0.1974,0.07,24.2,other,R789C
chr1:g.152285024G>A,FLG,passenger,1,0.2067,0.03,22.2,,R780C
chr1:g.152285332G>T,FLG,passenger,1,0.1946,0.033,14.58,,S677Y
chr1:g.152285549G>T,FLG,passenger,1,0.1041,0.085,14.17,,Q605K
chr1:g.152285813G>A,FLG,passenger,1,0.1265,0.068,12.08,,R517C
chr1:g.152286198G>C,FLG,passenger,1,0.2013,0.065,9.262,,H388Q
chr1:g.152286574G>A,FLG,passenger,1,0.1906,0.094,19.37,,S263F
chr1:g.152286659T>C,FLG,passenger,1,0.0984,0.041,0.038,,T235A
chr1:g.152286796T>A,FLG,passenger,1,0.3338,0.078,15.58,,E189V
chr1:g.152286899T>A,FLG,passenger,1,0.1994,0.105,15.03,,S155C
chr1:g.215812508G>A,USH2A,passenger,1,0.152,0.089,24.2,,S5014F
chr1:g.215820899G>T,USH2A,passenger,1,0.1676,0.224,26.0,,A4919D
chr1:g.215821055T>C,USH2A,passenger,1,0.0804,0.041,0.001,,H4867R
chr1:g.215844624C>T,USH2A,passenger,1,0.0834,0.095,23.7,,R4608Q
chr1:g.215848163G>A,USH2A,passenger,1,0.2287,0.167,23.3,,L4364F
chr1:g.215960150C>T,USH2A,passenger,1,0.0925,0.075,25.2,,D3417N
chr1:g.215960182G>A,USH2A,passenger,1,0.1632,0.12,24.6,,S3406F
chr1:g.215987140C>T,USH2A,passenger,1,0.0767,0.064,18.2,other,R3226Q
chr1:g.215990415T>G,USH2A,passenger,1,0.0689,0.012,0.051,,D3165A
chr1:g.216011418C>T,USH2A,passenger,1,0.1161,0.267,24.1,P/LP,V3096M
chr1:g.216017727T>C,USH2A,passenger,1,0.1207,0.307,13.76,,Y3056C
chr1:g.216040414C>A,USH2A,passenger,1,0.152,0.291,27.3,,R2927I
chr1:g.216061988T>C,USH2A,passenger,1,0.095,0.134,15.97,other,E2668G
chr1:g.216062136T>A,USH2A,passenger,1,0.3683,0.344,25.0,,T2619S
chr1:g.216073506G>A,USH2A,passenger,1,0.5594,0.606,31.0,other,P2502L
chr1:g.216138751C>T,USH2A,passenger,1,0.0747,0.106,22.5,other,R2343Q
chr1:g.216172380A>G,USH2A,passenger,1,0.1065,0.114,16.28,B/LB,I2169T
chr1:g.216221939C>A,USH2A,passenger,1,0.1475,0.525,26.5,other,A2034S
chr1:g.216243446T>C,USH2A,passenger,1,0.074,0.088,2.534,,T2016A
chr1:g.216256823T>G,USH2A,passenger,1,0.3308,0.629,23.4,,N1758T
chr1:g.216258088C>T,USH2A,passenger,1,0.3293,0.599,34.0,,E1707K
chr1:g.216258214T>G,USH2A,passenger,1,0.089,0.148,14.99,,I1665L
chr1:g.216348696G>C,USH2A,passenger,1,0.1107,0.117,23.3,,L1509V
chr1:g.216373005G>A,USH2A,passenger,1,0.1932,0.385,24.7,,L1259F
chr1:g.216373277G>T,USH2A,passenger,1,0.0837,0.047,0.061,,T1168N
chr1:g.216424250A>C,USH2A,passenger,1,0.449,0.638,24.5,,V721G
chr1:g.216495296C>T,USH2A,passenger,1,0.076,0.079,10.43,other,D525N
chr1:g.216496975C>T,USH2A,passenger,1,0.3048,0.405,35.0,P/LP,R464H
chr1:g.216498693T>C,USH2A,passenger,1,0.0776,0.109,4.61,,N366S
chr1:g.216591942G>A,USH2A,passenger,1,0.1457,0.56,34.0,other,R189C
chr1:g.216595582A>G,USH2A,passenger,1,0.0871,0.016,11.99,,S33P
chr2:g.140990894G>A,LRP1B,passenger,1,0.1359,0.179,26.2,,P4554L
chr2:g.141032124A>C,LRP1B,passenger,1,0.0983,0.293,9.718,,I4337M
chr2:g.141055518C>A,LRP1B,passenger,1,0.0722,0.34,23.8,,A4276S
chr2:g.141079577C>T,LRP1B,passenger,1,0.3406,0.885,34.0,,G4199R
chr2:g.141113963G>T,LRP1B,passenger,1,0.6811,0.061,19.22,,F3826L
chr2:g.141128392C>T,LRP1B,passenger,1,0.9501,0.969,33.0,,C3632Y
chr2:g.141135793A>T,LRP1B,passenger,1,0.6671,0.582,28.2,,F3532I
chr2:g.141201899G>A,LRP1B,passenger,2,0.4151,0.515,26.1,,P3432S
chr2:g.141201904T>A,LRP1B,passenger,1,0.3067,0.739,32.0,,D3430V
chr2:g.141208170A>G,LRP1B,passenger,1,0.9996,0.985,27.6,,C3342R
chr2:g.141215049G>T,LRP1B,passenger,1,0.1354,0.596,24.7,,S3266Y
chr2:g.141232733T>C,LRP1B,passenger,1,0.0668,0.249,8.215,,N3200S
chr2:g.141242946A>T,LRP1B,passenger,1,0.2795,0.299,24.2,,F3131I
chr2:g.141243077G>A,LRP1B,passenger,1,0.1175,0.608,26.5,,A3087V
chr2:g.141253268A>C,LRP1B,passenger,1,0.227,0.662,23.6,,V2967G
chr2:g.141267572C>T,LRP1B,passenger,1,0.3762,0.66,34.0,,V2775M
chr2:g.141283547G>A,LRP1B,passenger,1,0.1077,0.419,27.5,,T2631I
chr2:g.141291656G>T,LRP1B,passenger,1,0.0818,0.336,23.2,,P2566T
chr2:g.141298554T>G,LRP1B,passenger,1,0.0953,0.506,23.6,,N2501H
chr2:g.141299446C>A,LRP1B,passenger,1,0.7657,0.918,29.1,,R2430L
chr2:g.141356398C>T,LRP1B,passenger,1,0.6831,0.75,23.0,,M2332I
chr2:g.141359166T>C,LRP1B,passenger,1,0.5689,0.819,27.4,,D2281G
chr2:g.141458136C>T,LRP1B,passenger,1,0.0835,0.287,23.4,,R2161Q
chr2:g.141473578T>A,LRP1B,passenger,1,0.5643,0.91,30.0,,D1996V
chr2:g.141526881C>T,LRP1B,passenger,1,0.4494,0.729,24.7,,E1887K
chr2:g.141533752T>G,LRP1B,passenger,1,0.9606,0.735,24.1,,K1805N
chr2:g.141598583G>A,LRP1B,passenger,1,0.1,0.452,27.7,other,T1673M
chr2:g.141607868C>T,LRP1B,passenger,1,0.0995,0.214,23.9,B/LB,R1581H
chr2:g.141609268G>A,LRP1B,passenger,2,0.1276,0.455,24.4,,A1555V
chr2:g.141641448T>A,LRP1B,passenger,1,0.9921,0.842,23.2,,R1369S
chr2:g.141641588C>T,LRP1B,passenger,1,0.0881,0.524,22.8,,V1323I
chr2:g.141660597T>A,LRP1B,passenger,1,0.0957,0.212,23.3,,N1220Y
chr2:g.141739824T>A,LRP1B,passenger,1,0.3106,0.847,24.2,,Q931L
chr2:g.141747212G>A,LRP1B,passenger,1,0.1408,0.547,25.5,,P887S
chr2:g.141771238T>A,LRP1B,passenger,1,0.3736,0.725,22.1,,Y756F
chr2:g.141806556A>C,LRP1B,passenger,1,0.122,0.263,17.69,,D596E
chr2:g.141806624C>T,LRP1B,passenger,1,0.932,0.944,29.4,,D574N
chr2:g.141806690T>C,LRP1B,passenger,1,0.0648,0.624,11.02,,I552V
chr2:g.141986805T>A,LRP1B,passenger,1,0.2962,0.56,23.8,,K266I
chr2:g.142237965C>T,LRP1B,passenger,1,0.1672,0.581,24.7,,E115K
chr2:g.179393838G>T,TTN,passenger,1,0.1394,0.302,22.8,,S33906Y
chr2:g.179396193C>A,TTN,passenger,1,0.1838,0.096,22.6,,R33409I
chr2:g.179396259G>A,TTN,passenger,1,0.289,0.45,21.5,other,T35028M
chr2:g.179396680T>C,TTN,passenger,1,0.4345,0.344,18.79,,S34888G
chr2:g.179396844G>A,TTN,passenger,2,0.0598,0.098,10.47,other,A33192V
chr2:g.179397561C>T,TTN,passenger,1,0.5263,0.42,24.3,B/LB,R34594H
chr2:g.179397705C>T,TTN,passenger,1,0.2644,0.257,24.0,other,R34546H
chr2:g.179398256T>A,TTN,passenger,1,0.9451,0.416,19.57,,R34362S
chr2:g.179401742C>T,TTN,passenger,1,0.4234,0.485,23.9,B/LB,R33365Q
chr2:g.179402347A>G,TTN,passenger,1,0.9856,0.513,23.0,,F33196S
chr2:g.179403534G>A,TTN,passenger,1,0.133,0.191,19.7,,L31367F
chr2:g.179406191C>T,TTN,passenger,1,0.3343,0.482,25.8,B/LB,R32538H
chr2:g.179407472G>T,TTN,passenger,1,0.1134,0.298,19.08,,T30729N
chr2:g.179411070G>T,TTN,passenger,1,0.1655,0.474,20.8,,S30022Y
chr2:g.179412905G>A,TTN,passenger,1,0.638,0.312,15.01,,L29509F
chr2:g.179413171C>T,TTN,passenger,1,0.2501,0.284,23.7,B/LB,R29420H
chr2:g.179414784C>T,TTN,passenger,1,0.121,0.331,24.4,B/LB,R30594H
chr2:g.179415859G>A,TTN,passenger,1,0.4064,0.288,24.2,other,R30467C
chr2:g.179417271G>A,TTN,passenger,1,0.2088,0.45,21.1,,P28478L
chr2:g.179418655G>A,TTN,passenger,1,0.6065,0.282,23.4,,A28087V
chr2:g.179419371T>C,TTN,passenger,1,0.4614,0.465,15.84,,H27927R
chr2:g.179419672C>T,TTN,passenger,1,0.4925,0.368,23.4,B/LB,R27864H
chr2:g.179422208G>T,TTN,passenger,1,0.9604,0.697,20.0,,P29261T
chr2:g.179422791G>A,TTN,passenger,1,0.1085,0.316,22.8,,A27456V
chr2:g.179424832A>C,TTN,passenger,1,0.4725,0.466,12.96,,L28676R
chr2:g.179427926G>A,TTN,passenger,1,0.2312,0.661,24.6,other,R27645C
chr2:g.179429212C>T,TTN,passenger,1,0.3186,0.403,23.7,B/LB,R25575H
chr2:g.179430453C>A,TTN,passenger,1,0.1922,0.062,16.21,,E25161D
chr2:g.179431867C>T,TTN,passenger,1,0.8051,0.408,23.7,B/LB,R24690Q
chr2:g.179433050C>T,TTN,passenger,1,0.0732,0.082,15.73,,V24296I
chr2:g.179433683C>T,TTN,passenger,1,0.9579,0.539,22.3,,G24085S
chr2:g.179433938G>A,TTN,passenger,1,0.6944,0.473,23.2,,R24000C
chr2:g.179435849G>A,TTN,passenger,1,0.182,0.218,23.1,other,R25004C
chr2:g.179436286A>T,TTN,passenger,1,0.3391,0.473,21.7,,I23217N
chr2:g.179436314G>A,TTN,passenger,2,0.8792,0.571,22.0,other,R24849W
chr2:g.179436797G>A,TTN,passenger,1,0.5556,0.584,23.2,other,R23047C
chr2:g.179437822T>C,TTN,passenger,1,0.1009,0.315,16.54,,K24346R
chr2:g.179439280C>T,TTN,passenger,1,0.9804,0.536,21.9,,G23860E
chr2:g.179440550C>T,TTN,passenger,1,0.4682,0.475,23.0,,G21796S
chr2:g.179440678G>A,TTN,passenger,1,0.4118,0.499,22.3,other,T23394M
chr2:g.179444000T>G,TTN,passenger,1,0.7019,0.387,16.84,,K22586T
chr2:g.179444459C>T,TTN,passenger,1,0.2812,0.321,21.6,,D20848N
chr2:g.179444687G>A,TTN,passenger,1,0.156,0.245,23.0,other,R20802C
chr2:g.179449131G>A,TTN,passenger,1,0.152,0.36,22.9,B/LB,S21716L
chr2:g.179449548C>G,TTN,passenger,1,0.9875,0.541,22.7,,W21607S
chr2:g.179452782G>A,TTN,passenger,1,0.2713,0.491,19.04,B/LB,R21118W
chr2:g.179452805G>A,TTN,passenger,1,0.0743,0.049,12.98,B/LB,A21110V
chr2:g.179453957G>A,TTN,passenger,1,0.124,0.108,10.39,,T20832I
chr2:g.179455980C>T,TTN,passenger,1,0.6747,0.622,23.1,other,G18517S
chr2:g.179456401G>A,TTN,passenger,1,0.5093,0.505,24.3,,R20049C
chr2:g.179456819C>T,TTN,passenger,2,0.177,0.268,23.0,B/LB,A18297T
chr2:g.179457732C>T,TTN,passenger,1,0.1649,0.333,23.3,other,R18064H
chr2:g.179458160G>T,TTN,passenger,2,0.1412,0.307,14.3,other,T19592N
chr2:g.179462481T>A,TTN,passenger,1,0.8091,0.424,23.1,,I17469F
chr2:g.179462653C>T,TTN,passenger,1,0.1901,0.297,24.0,,E17441K
chr2:g.179463744C>T,TTN,passenger,1,0.1163,0.104,23.2,other,R17257H
chr2:g.179464316C>A,TTN,passenger,1,0.9352,0.783,22.5,,G17130V
chr2:g.179466617C>T,TTN,passenger,1,0.1624,0.256,20.7,,D16791N
chr2:g.179466769G>A,TTN,passenger,2,0.1153,0.28,22.9,,S16769L
chr2:g.179469867C>T,TTN,passenger,1,0.0611,0.071,19.68,,A16372T
chr2:g.179473153C>T,TTN,passenger,1,0.2577,0.334,20.3,other,S17486N
chr2:g.179474270C>A,TTN,passenger,1,0.1875,0.146,22.2,,S15615I
chr2:g.179474468C>T,TTN,passenger,1,0.2218,0.351,23.6,other,A15587T
chr2:g.179476557G>A,TTN,passenger,2,0.6063,0.525,19.77,other,R15186W
chr2:g.179478614C>T,TTN,passenger,1,0.1707,0.102,23.3,other,A14825T
chr2:g.179480424C>A,TTN,passenger,2,0.5306,0.377,22.8,,C16135F
chr2:g.179481272A>C,TTN,passenger,1,0.9359,0.282,11.91,,D14441E
chr2:g.179481716G>A,TTN,passenger,1,0.2007,0.135,17.18,,A14326V
chr2:g.179482586A>T,TTN,passenger,2,0.7243,0.463,18.71,,F15831Y
chr2:g.179483095C>T,TTN,passenger,1,0.7022,0.581,23.7,other,R14056H
chr2:g.179485295G>A,TTN,passenger,1,0.2793,0.236,20.4,,S13677F
chr2:g.179486304G>A,TTN,passenger,1,0.2661,0.493,23.0,other,R15083W
chr2:g.179497134C>A,TTN,passenger,1,0.4822,0.481,23.0,,R12855L
chr2:g.179499996C>T,TTN,passenger,1,0.0966,0.221,22.9,other,V13974I
chr2:g.179500957G>A,TTN,passenger,1,0.3834,0.325,23.6,other,R12140C
chr2:g.179501145G>C,TTN,passenger,1,0.2778,0.498,21.9,,T13770R
chr2:g.179507003G>A,TTN,passenger,1,0.6992,0.132,24.1,B/LB,R13507C
chr2:g.179507020C>T,TTN,passenger,1,0.6118,0.102,23.9,B/LB,R11860H
chr2:g.179512189G>C,TTN,passenger,1,0.0915,0.266,16.28,,P13354A
chr2:g.179526543G>T,TTN,passenger,1,,,9.716,,L12410I
chr2:g.179528235C>T,TTN,passenger,1,,,16.89,,A12181T
chr2:g.179531614T>C,TTN,passenger,1,,,11.56,,K11938E
chr2:g.179534361G>A,TTN,passenger,1,,,23.1,,R11810C
chr2:g.179536889G>A,TTN,passenger,1,0.0908,0.068,4.685,B/LB,P11679L
chr2:g.179537401G>T,TTN,passenger,1,0.114,0.37,19.15,,P11606T
chr2:g.179545859C>T,TTN,passenger,1,0.0561,0.062,18.18,B/LB,R11096H
chr2:g.179546424G>A,TTN,passenger,1,0.2071,0.263,22.6,,P10729S
chr2:g.179547466G>A,TTN,passenger,1,0.2221,0.199,17.91,other,R10701W
chr2:g.179569272C>T,TTN,passenger,1,0.9951,0.593,22.9,,G9659D
chr2:g.179569378G>T,TTN,passenger,1,0.4725,0.558,13.98,,L9624M
chr2:g.179569435C>T,TTN,passenger,1,0.2159,0.264,23.2,,D9605N
chr2:g.179571595C>T,TTN,passenger,1,0.0802,0.084,19.82,B/LB,V9710I
chr2:g.179575601G>T,TTN,passenger,1,0.4626,0.583,19.81,,A9091D
chr2:g.179577471C>T,TTN,passenger,1,0.1257,0.223,11.23,,S8777N
chr2:g.179580340C>T,TTN,passenger,1,0.0676,0.116,8.457,,V8601I
chr2:g.179582780A>G,TTN,passenger,1,0.2962,0.135,9.565,,V8318A
chr2:g.179583118C>T,TTN,passenger,1,0.1882,0.356,21.7,,A7922T
chr2:g.179583291C>T,TTN,passenger,1,0.2367,0.162,12.86,,S8181N
chr2:g.179583552G>T,TTN,passenger,1,0.1663,0.124,18.37,,N8125K
chr2:g.179583694G>T,TTN,passenger,1,0.9816,0.781,17.51,,P7761Q
chr2:g.179584025C>T,TTN,passenger,1,0.0644,0.234,17.57,,C8031Y
chr2:g.179584922G>A,TTN,passenger,1,0.2627,0.253,11.87,,A7499V
chr2:g.179587142G>T,TTN,passenger,2,0.0915,0.206,14.98,,L7458I
chr2:g.179588831T>A,TTN,passenger,1,0.2484,0.12,18.65,,N7052I
chr2:g.179589098T>C,TTN,passenger,1,0.0765,0.053,11.86,,I6685V
chr2:g.179589260C>A,TTN,passenger,1,0.4244,0.28,23.2,,A6948S
chr2:g.179590323G>T,TTN,passenger,1,0.0719,0.075,12.07,,P6870T
chr2:g.179590695G>A,TTN,passenger,1,0.0653,0.127,17.65,B/LB,S6785L
chr2:g.179593077T>G,TTN,passenger,1,0.118,0.215,14.43,,K6492Q
chr2:g.179593291C>A,TTN,passenger,1,0.1753,0.052,5.477,,Q6454H
chr2:g.179593619T>G,TTN,passenger,1,0.4989,0.257,13.33,,Q6065H
chr2:g.179594293T>C,TTN,passenger,1,0.2981,0.375,20.3,,E6197G
chr2:g.179596527A>C,TTN,passenger,1,0.568,0.23,9.598,,V5692G
chr2:g.179597377T>A,TTN,passenger,1,0.1079,0.249,13.12,,S5471C
chr2:g.179597614C>T,TTN,passenger,1,0.0982,0.244,22.8,,R5430Q
chr2:g.179597812C>T,TTN,passenger,1,0.1255,0.401,21.7,B/LB,R5047H
chr2:g.179598068G>T,TTN,passenger,1,0.195,0.536,16.39,,L5001I
chr2:g.179598076A>G,TTN,passenger,1,0.2789,0.124,14.08,,V5315A
chr2:g.179598203T>C,TTN,passenger,1,0.2708,0.348,14.07,,T5273A
chr2:g.179598373C>T,TTN,passenger,1,0.129,0.193,16.66,,S4931N
chr2:g.179599224G>C,TTN,passenger,1,0.8603,0.459,14.98,,F4792L
chr2:g.179604575A>T,TTN,passenger,1,0.3405,0.167,11.11,,V4462D
chr2:g.179604915C>T,TTN,passenger,1,0.0792,0.051,0.053,,V4032M
chr2:g.179606085A>T,TTN,passenger,1,0.8054,0.454,19.02,,Y3959N
chr2:g.179606156G>T,TTN,passenger,1,0.152,0.142,12.51,,P3618H
chr2:g.179621357C>A,TTN,passenger,1,,0.142,12.26,,V3616L
chr2:g.179629529G>A,TTN,passenger,1,0.3749,0.528,23.5,other,P3238L
chr2:g.179631200C>T,TTN,passenger,1,0.2856,0.305,23.8,other,R3204Q
chr2:g.179631291C>T,TTN,passenger,1,0.2476,0.368,23.6,other,D3174N
chr2:g.179635237A>G,TTN,passenger,1,0.0839,0.167,0.002,,I2761T
chr2:g.179638079C>T,TTN,passenger,1,0.1407,0.262,21.2,,G2538S
chr2:g.179638314C>T,TTN,passenger,1,0.2547,0.383,22.3,P/LP,R2490H
chr2:g.179638673G>T,TTN,passenger,1,0.179,0.238,17.21,,Q2408K
chr2:g.179638837G>A,TTN,passenger,1,0.1268,0.253,17.21,,P2353L
chr2:g.179638990C>A,TTN,passenger,1,0.8811,0.836,20.7,,G2334V
chr2:g.179639041C>T,TTN,passenger,2,0.2195,0.435,23.3,B/LB,R2317H
chr2:g.179640548C>T,TTN,passenger,1,0.3955,0.173,21.2,other,A2015T
chr2:g.179640850G>A,TTN,passenger,1,0.7694,0.605,20.9,B/LB,A1914V
chr2:g.179641009C>T,TTN,passenger,1,0.4669,0.546,22.6,other,R1861H
chr2:g.179641336C>T,TTN,passenger,2,0.1345,0.521,22.8,B/LB,R1752H
chr2:g.179641393G>A,TTN,passenger,2,0.2929,0.608,18.01,B/LB,T1733M
chr2:g.179643640G>A,TTN,passenger,1,0.1545,0.323,22.8,other,P1390L
chr2:g.179644025C>A,TTN,passenger,1,0.7915,0.374,18.37,,K1298N
chr2:g.179649066C>T,TTN,passenger,1,0.4442,0.462,24.0,other,G836S
chr2:g.179654143T>C,TTN,passenger,1,0.3047,0.25,17.53,,R674G
chr2:g.179655562T>C,TTN,passenger,1,0.096,0.379,19.85,,E558G
chr2:g.179659787C>A,TTN,passenger,2,0.2361,0.114,17.96,,Q369H
chr2:g.179666930C>T,TTN,passenger,1,0.1078,0.263,23.6,other,R77Q
chr6:g.152457923C>T,SYNE1,passenger,1,0.3291,0.196,34.0,other,A8497T
chr6:g.152457929G>A,SYNE1,passenger,1,0.192,0.542,35.0,,R8495C
chr6:g.152461140C>T,SYNE1,passenger,3,0.057,0.019,12.04,other,R8468H
chr6:g.152462355G>A,SYNE1,passenger,1,0.3598,0.212,27.6,other,T8410I
chr6:g.152470620G>A,SYNE1,passenger,1,0.124,0.462,35.0,other,R8212C
chr6:g.152472789G>A,SYNE1,passenger,1,0.8428,0.391,35.0,B/LB,R8117W
chr6:g.152473114A>G,SYNE1,passenger,1,0.9036,0.298,25.3,,S8098P
chr6:g.152477184G>T,SYNE1,passenger,1,0.7889,0.261,27.0,,L7947I
chr6:g.152485435C>T,SYNE1,passenger,1,0.1093,0.09,26.5,,V7885I
chr6:g.152497616C>A,SYNE1,passenger,1,0.9083,0.644,34.0,,S7847I
chr6:g.152539461T>C,SYNE1,passenger,1,0.0757,0.12,0.012,,I7374M
chr6:g.152577893C>A,SYNE1,passenger,1,0.137,0.274,27.6,,S6327I
chr6:g.152602997G>A,SYNE1,passenger,1,0.0851,0.09,8.834,other,A6109V
chr6:g.152605244C>T,SYNE1,passenger,1,0.0724,0.09,24.8,,E6026K
chr6:g.152614868C>T,SYNE1,passenger,1,0.2068,0.123,34.0,B/LB,R5956H
chr6:g.152621822C>A,SYNE1,passenger,1,0.4136,0.313,25.6,,C5879F
chr6:g.152629629G>A,SYNE1,passenger,1,0.3749,0.242,28.5,,H5781Y
chr6:g.152631059T>C,SYNE1,passenger,1,0.0661,0.091,13.43,,S5705G
chr6:g.152642447G>T,SYNE1,passenger,1,0.197,0.095,23.7,,L5388I
chr6:g.152642497C>T,SYNE1,passenger,1,0.1587,0.026,25.4,,R5371Q
chr6:g.152644680C>T,SYNE1,passenger,1,0.0593,0.027,0.002,other,A5284T
chr6:g.152647525C>T,SYNE1,passenger,1,0.1041,0.083,24.3,,G5067S
chr6:g.152652132G>T,SYNE1,passenger,1,0.156,0.269,25.2,,S4563Y
chr6:g.152652268G>A,SYNE1,passenger,1,0.2388,0.244,27.5,,R4518C
chr6:g.152652431G>C,SYNE1,passenger,1,0.6882,0.053,7.29,,F4463L
chr6:g.152652508T>C,SYNE1,passenger,1,0.0636,0.034,5.287,,S4438G
chr6:g.152658004A>G,SYNE1,passenger,1,0.3773,0.194,22.7,,I4167T
chr6:g.152675939T>C,SYNE1,passenger,1,0.1109,0.154,21.3,,N3594S
chr6:g.152676008G>A,SYNE1,passenger,1,0.0701,0.099,11.77,,A3571V
chr6:g.152683354C>A,SYNE1,passenger,1,0.1397,0.122,23.0,,R3417M
chr6:g.152694260G>A,SYNE1,passenger,1,0.0911,0.088,20.4,other,A3140V
chr6:g.152706910C>T,SYNE1,passenger,1,0.5599,0.302,30.0,other,E2851K
chr6:g.152718081T>G,SYNE1,passenger,1,0.2701,0.222,22.2,,K2462T
chr6:g.152722332C>T,SYNE1,passenger,2,0.1222,0.154,25.8,,E2324K
chr6:g.152737558C>T,SYNE1,passenger,1,0.0703,0.032,10.73,B/LB,R2005Q
chr6:g.152737582A>G,SYNE1,passenger,1,0.0735,0.041,20.2,other,I1997T
chr6:g.152738006C>T,SYNE1,passenger,1,0.2237,0.112,32.0,other,A1856T
chr6:g.152738068C>A,SYNE1,passenger,1,0.1117,0.031,21.6,,R1835L
chr6:g.152749345C>A,SYNE1,passenger,1,0.8549,0.517,34.0,,W1657C
chr6:g.152749494C>T,SYNE1,passenger,2,0.0619,0.021,0.058,B/LB,A1608T
chr6:g.152763221G>A,SYNE1,passenger,1,0.3081,0.225,34.0,,R1333C
chr6:g.152763329C>T,SYNE1,passenger,1,0.0681,0.033,5.651,other,A1297T
chr6:g.152772264A>G,SYNE1,passenger,1,0.1394,0.274,23.4,B/LB,V1035A
chr6:g.152774743C>T,SYNE1,passenger,1,0.4593,0.293,34.0,,R1002Q
chr6:g.152776617C>T,SYNE1,passenger,1,0.5478,0.325,33.0,,A946T
chr6:g.152777048C>A,SYNE1,passenger,1,,0.023,23.3,,Q900H
chr6:g.152783881C>T,SYNE1,passenger,1,0.1107,0.213,23.4,,D748N
chr6:g.152783985T>C,SYNE1,passenger,1,0.3306,0.802,24.8,,Y713C
chr6:g.152784613T>C,SYNE1,passenger,1,0.0641,0.029,0.023,,T658A
chr6:g.152786573C>A,SYNE1,passenger,1,0.3205,0.06,19.03,,M584I
chr6:g.152831498C>A,SYNE1,passenger,1,0.7754,0.541,28.0,,E137D
chr8:g.113237091T>G,CSMD3,passenger,1,0.9361,0.587,23.6,,E3678A
chr8:g.113256691G>A,CSMD3,passenger,1,0.1284,0.27,21.9,,A3445V
chr8:g.113277715T>C,CSMD3,passenger,1,0.0872,0.25,21.9,,M3205V
chr8:g.113299436C>A,CSMD3,passenger,1,0.0952,0.159,19.13,,G3063V
chr8:g.113303824G>C,CSMD3,passenger,1,0.9992,0.921,26.9,,C2963W
chr8:g.113308202T>C,CSMD3,passenger,1,0.2153,0.495,25.6,,N2825S
chr8:g.113317044G>T,CSMD3,passenger,1,0.5496,0.362,14.19,,S2724R
chr8:g.113323359C>G,CSMD3,passenger,1,0.8519,0.732,25.1,,G2578A
chr8:g.113326150G>A,CSMD3,passenger,1,0.3322,0.21,33.0,,R2561W
chr8:g.113347602T>C,CSMD3,passenger,1,0.8439,0.532,23.3,,H2374R
chr8:g.113348918G>T,CSMD3,passenger,1,0.5905,0.163,22.6,,L2328I
chr8:g.113402975A>C,CSMD3,passenger,1,0.9441,0.551,24.6,,L1951W
chr8:g.113418858A>C,CSMD3,passenger,1,0.9728,0.678,27.0,,F1902V
chr8:g.113504912G>A,CSMD3,passenger,1,0.6405,0.155,25.3,,A1695V
chr8:g.113519014A>C,CSMD3,passenger,1,0.5662,0.28,26.1,,S1601A
chr8:g.113649132G>A,CSMD3,passenger,1,0.0675,0.051,18.06,,S1210L
chr8:g.113651026G>T,CSMD3,passenger,1,0.8394,0.598,27.6,,P1142H
chr8:g.113678560C>G,CSMD3,passenger,1,0.9988,0.648,28.2,,C921S
chr8:g.113694719G>A,CSMD3,passenger,1,0.2181,0.201,26.0,,L877F
chr8:g.113697751C>T,CSMD3,passenger,1,0.9281,0.546,29.3,,G789E
chr8:g.113697836G>A,CSMD3,passenger,1,0.8058,0.385,26.5,,L761F
chr8:g.113697844C>T,CSMD3,passenger,1,0.3217,0.326,34.0,,R758Q
chr8:g.113697892C>T,CSMD3,passenger,1,0.603,0.429,25.7,,G742E
chr8:g.113702265T>A,CSMD3,passenger,1,0.7188,0.273,26.2,,S663C
chr8:g.113960031C>A,CSMD3,passenger,1,0.6851,0.59,25.2,,G499V
chr9:g.21970901C>G,CDKN2A,panel,1,0.149,0.449,13.7,other,D153H
chr9:g.21970969A>C,CDKN2A,panel,1,0.862,0.885,28.3,,L130R
chr9:g.21970969A>T,CDKN2A,panel,4,0.9307,0.787,27.7,other,L130Q
chr9:g.21970970G>C,CDKN2A,panel,1,0.4433,0.738,25.2,,L130V
chr9:g.21970976G>A,CDKN2A,panel,1,0.2218,0.449,25.1,other,R128W
chr9:g.21971003C>T,CDKN2A,panel,1,0.2545,0.201,16.29,other,E119K
chr9:g.21971017G>A,CDKN2A,panel,1,0.8983,0.872,33.0,P/LP,P114L
chr9:g.21971017G>C,CDKN2A,panel,2,0.9771,0.882,29.0,P/LP,P114R
chr9:g.21971017G>T,CDKN2A,panel,2,0.9905,0.829,30.0,,P114H
chr9:g.21971035T>C,CDKN2A,panel,4,0.9576,0.936,28.9,,D108G
chr9:g.21971047A>C,CDKN2A,panel,1,0.621,0.854,26.8,,L104R
chr9:g.21971047A>T,CDKN2A,panel,1,0.7018,0.746,26.5,,L104Q
chr9:g.21971048G>C,CDKN2A,panel,1,0.0995,0.418,21.2,,L104V
chr9:g.21971053G>A,CDKN2A,panel,1,0.6541,0.68,33.0,other,A102V
chr9:g.21971053G>T,CDKN2A,panel,1,0.9614,0.688,32.0,P/LP,A102E
chr9:g.21971065T>G,CDKN2A,panel,1,0.9124,0.426,23.6,other,H98P
chr9:g.21971066G>A,CDKN2A,panel,1,0.1493,0.413,24.2,P/LP,H98Y
chr9:g.21971068A>G,CDKN2A,panel,2,0.9666,0.925,29.0,other,L97P
chr9:g.21971069G>C,CDKN2A,panel,1,0.0967,0.327,26.8,,L97V
chr9:g.21971077A>C,CDKN2A,panel,1,0.9491,0.595,27.5,,L94R
chr9:g.21971077A>G,CDKN2A,panel,1,0.9693,0.623,31.0,P/LP,L94P
chr9:g.21971077A>T,CDKN2A,panel,1,0.9434,0.581,28.9,P/LP,L94Q
chr9:g.21971087G>T,CDKN2A,panel,1,0.3601,0.649,24.9,other,L91M
chr9:g.21971088G>A,CDKN2A,panel,1,0.1865,0.423,12.97,B/LB,P146S
chr9:g.21971088G>C,CDKN2A,panel,2,0.9859,0.69,29.7,,F90L
chr9:g.21971105C>T,CDKN2A,panel,1,0.7206,0.834,35.0,other,A85T
chr9:g.21971107T>A,CDKN2A,panel,2,0.8435,0.784,31.0,P/LP,D84V
chr9:g.21971107T>C,CDKN2A,panel,1,0.9245,0.77,29.2,,D84G
chr9:g.21971108C>A,CDKN2A,panel,3,0.7704,0.749,34.0,other,D84Y
chr9:g.21971108C>T,CDKN2A,panel,5,0.8385,0.67,35.0,P/LP,D84N
chr9:g.21971110T>C,CDKN2A,panel,2,0.9559,0.81,25.7,P/LP,H83R
chr9:g.21971111G>A,CDKN2A,panel,48,0.1664,0.577,28.6,P/LP,H83Y
chr9:g.21971111G>C,CDKN2A,panel,7,0.091,0.429,29.5,,H83D
chr9:g.21971111G>T,CDKN2A,panel,1,0.1979,0.545,29.0,,H83N
chr9:g.21971116G>C,CDKN2A,panel,2,0.9754,0.839,27.4,P/LP,P81R
chr9:g.21971129T>A,CDKN2A,panel,1,0.1876,0.474,23.0,,T77S
chr9:g.21971137T>A,CDKN2A,panel,1,0.9426,0.903,28.7,other,D74V
chr9:g.21971138C>A,CDKN2A,panel,1,0.9002,0.85,34.0,,D74Y
chr9:g.21971138C>T,CDKN2A,panel,1,0.8467,0.68,34.0,other,D74N
chr9:g.21971140G>C,CDKN2A,panel,1,0.1917,0.343,12.81,,A73G
chr9:g.21971144A>C,CDKN2A,panel,1,0.1469,0.502,15.11,other,C72G
chr9:g.21971155G>A,CDKN2A,panel,1,0.676,0.874,29.8,P/LP,A68V
chr9:g.21971156C>T,CDKN2A,panel,1,0.5955,0.72,33.0,other,A68T
chr9:g.21971164A>G,CDKN2A,panel,1,0.7796,0.353,23.1,P/LP,L65P
chr9:g.21971167A>G,CDKN2A,panel,3,0.9788,0.899,27.5,other,L64P
chr9:g.21971170A>C,CDKN2A,panel,2,0.9651,0.941,26.9,,L63R
chr9:g.21971170A>G,CDKN2A,panel,1,0.9815,0.95,27.4,P/LP,L63P
chr9:g.21971170A>T,CDKN2A,panel,4,0.9768,0.947,26.6,,L63Q
chr9:g.21971194C>T,CDKN2A,panel,1,0.9053,0.762,31.0,P/LP,G55D
chr9:g.21971206A>T,CDKN2A,panel,3,0.9045,0.879,27.3,,V51D
chr9:g.21971207C>A,CDKN2A,panel,1,0.3529,0.561,29.1,other,V51F
chr9:g.21974677C>A,CDKN2A,panel,1,0.7653,0.544,31.0,other,Q50H
chr9:g.21974678T>C,CDKN2A,panel,3,0.877,0.665,26.4,P/LP,Q50R
chr9:g.21974678T>G,CDKN2A,panel,1,0.8412,0.752,27.3,P/LP,Q50P
chr9:g.21974681A>T,CDKN2A,panel,1,0.9737,0.709,28.7,,I49N
chr9:g.21974684G>A,CDKN2A,panel,7,0.8968,0.765,32.0,P/LP,P48L
chr9:g.21974684G>C,CDKN2A,panel,2,0.9677,0.734,27.4,P/LP,P48R
chr9:g.21974684G>T,CDKN2A,panel,1,0.9466,0.753,28.6,other,P48Q
chr9:g.21974701A>C,CDKN2A,panel,1,0.9802,0.354,24.1,other,N42K
chr9:g.21974702T>A,CDKN2A,panel,1,0.9567,0.487,25.0,,N42I
chr9:g.21974714G>T,CDKN2A,panel,1,0.9314,0.413,26.2,,P38H
chr9:g.21974720G>C,CDKN2A,panel,1,0.2227,0.506,23.8,,A36G
chr9:g.21974732A>G,CDKN2A,panel,2,0.9544,0.804,33.0,P/LP,L32P
chr9:g.21974732A>T,CDKN2A,panel,1,0.9449,0.784,32.0,,L32Q
chr9:g.21974760C>A,CDKN2A,panel,1,0.8319,0.733,34.0,P/LP,G23C
chr9:g.21974760C>G,CDKN2A,panel,1,0.9205,0.635,29.5,P/LP,G23R
chr9:g.21974765G>T,CDKN2A,panel,2,0.908,0.6,28.0,other,A21D
chr9:g.21974766C>G,CDKN2A,panel,1,0.9341,0.687,25.5,,A21P
chr9:g.21974768G>T,CDKN2A,panel,1,0.9778,0.56,25.7,other,A20E
chr9:g.21974780A>T,CDKN2A,panel,3,0.9227,0.543,23.7,other,L16Q
chr9:g.21974786T>C,CDKN2A,panel,1,0.325,0.354,18.91,other,D14G
chr9:g.21974790C>T,CDKN2A,panel,1,0.1774,0.224,25.9,,A13T
chr9:g.21974813G>C,CDKN2A,panel,1,0.0789,0.197,4.441,,A5G
chr9:g.21994138C>A,CDKN2A,panel,1,0.3256,0.529,34.0,,G106C
chr9:g.21994138C>T,CDKN2A,panel,1,0.2216,0.569,33.0,,G106S
